"County","2020-03-07","2020-03-08","2020-03-09","2020-03-10","2020-03-11","2020-03-12","2020-03-13","2020-03-14","2020-03-15","2020-03-16","2020-03-17","2020-03-18","2020-03-19","2020-03-20","2020-03-21","2020-03-22","2020-03-23","2020-03-24","2020-03-25","2020-03-26","2020-03-27","2020-03-28","2020-03-29","2020-03-30","2020-03-31","2020-04-01","2020-04-02","2020-04-03","2020-04-04","2020-04-05","2020-04-06","2020-04-07","2020-04-08","2020-04-09","2020-04-10","2020-04-11","2020-04-12","2020-04-13","2020-04-14","2020-04-15","2020-04-16","2020-04-17","2020-04-18","2020-04-19","2020-04-20","2020-04-21","2020-04-22","2020-04-23","2020-04-24","2020-04-25","2020-04-26","2020-04-27","2020-04-28","2020-04-29","2020-04-30","2020-05-01","2020-05-02","2020-05-03","2020-05-04","2020-05-05","2020-05-06","2020-05-07","2020-05-08","2020-05-09","2020-05-10","2020-05-11","2020-05-12","2020-05-13","2020-05-14","2020-05-15","2020-05-16","2020-05-17","2020-05-18","2020-05-19","2020-05-20","2020-05-21","2020-05-22","2020-05-23","2020-05-24","2020-05-25","2020-05-26","2020-05-27","2020-05-28","2020-05-29","2020-05-30","2020-05-31","2020-06-01","2020-06-02","2020-06-03","2020-06-04","2020-06-05","2020-06-06","2020-06-07","2020-06-08","2020-06-09","2020-06-10","2020-06-11","2020-06-12","2020-06-13","2020-06-14","2020-06-15","2020-06-16","2020-06-17","2020-06-18","2020-06-19","2020-06-20","2020-06-21","2020-06-22","2020-06-23","2020-06-24","2020-06-25","2020-06-26","2020-06-27","2020-06-28","2020-06-29","2020-06-30","2020-07-01","2020-07-02","2020-07-03","2020-07-04","2020-07-05","2020-07-06","2020-07-07","2020-07-08","2020-07-09","2020-07-10","2020-07-11","2020-07-12","2020-07-13","2020-07-14","2020-07-15","2020-07-16","2020-07-17","2020-07-18","2020-07-19","2020-07-20","2020-07-21","2020-07-22","2020-07-23","2020-07-24","2020-07-25","2020-07-26","2020-07-27","2020-07-28","2020-07-29","2020-07-30","2020-07-31","2020-08-01","2020-08-02","2020-08-03","2020-08-04","2020-08-05","2020-08-06","2020-08-07","2020-08-08","2020-08-09","2020-08-10","2020-08-11","2020-08-12","2020-08-13","2020-08-14","2020-08-15","2020-08-16","2020-08-17","2020-08-18","2020-08-19","2020-08-20","2020-08-21","2020-08-22","2020-08-23","2020-08-24","2020-08-25","2020-08-26","2020-08-27","2020-08-28","2020-08-29","2020-08-30","2020-08-31","2020-09-01","2020-09-02","2020-09-03","2020-09-04","2020-09-05","2020-09-06","2020-09-07","2020-09-08","2020-09-09","2020-09-10","2020-09-11","2020-09-12","2020-09-13","2020-09-14","2020-09-15","2020-09-16","2020-09-17","2020-09-18","2020-09-19","2020-09-20","2020-09-21","2020-09-22","2020-09-23","2020-09-24","2020-09-25","2020-09-26","2020-09-27","2020-09-28","2020-09-29","2020-09-30","2020-10-01","2020-10-02","2020-10-03","2020-10-04","2020-10-05","2020-10-06","2020-10-07","2020-10-08","2020-10-09","2020-10-10","2020-10-11","2020-10-12","2020-10-13","2020-10-14","2020-10-15","2020-10-16","2020-10-17","2020-10-18","2020-10-19","2020-10-20","2020-10-21","2020-10-22","2020-10-23","2020-10-24","2020-10-25","2020-10-26","2020-10-27","2020-10-28","2020-10-29","2020-10-30","2020-10-31","2020-11-01","2020-11-02","2020-11-03","2020-11-04","2020-11-05","2020-11-06","2020-11-07","2020-11-08","2020-11-09","2020-11-10","2020-11-11","2020-11-12","2020-11-13","2020-11-14","2020-11-15","2020-11-16","2020-11-17","2020-11-18","2020-11-19","2020-11-20","2020-11-21","2020-11-22","2020-11-23","2020-11-24","2020-11-25","2020-11-26","2020-11-27","2020-11-28","2020-11-29","2020-11-30","2020-12-01","2020-12-02","2020-12-03","2020-12-04","2020-12-05","2020-12-06","2020-12-07","2020-12-08","2020-12-09","2020-12-10","2020-12-11","2020-12-12","2020-12-13","2020-12-14","2020-12-15","2020-12-16","2020-12-17","2020-12-18","2020-12-19","2020-12-20","2020-12-21","2020-12-22","2020-12-23","2020-12-24","2020-12-25","2020-12-26","2020-12-27","2020-12-28","2020-12-29","2020-12-30","2020-12-31","2021-01-01","2021-01-02","2021-01-03","2021-01-04","2021-01-05","2021-01-06","2021-01-07","2021-01-08","2021-01-09","2021-01-10","2021-01-11","2021-01-12","2021-01-13","2021-01-14","2021-01-15","2021-01-16","2021-01-17","2021-01-18","2021-01-19","2021-01-20","2021-01-21","2021-01-22","2021-01-23","2021-01-24","2021-01-25","2021-01-26","2021-01-27","2021-01-28","2021-01-29","2021-01-30","2021-01-31","2021-02-01","2021-02-02","2021-02-03","2021-02-04","2021-02-05","2021-02-06","2021-02-07","2021-02-08","2021-02-09","2021-02-10","2021-02-11","2021-02-12","2021-02-13","2021-02-14","2021-02-15","2021-02-16","2021-02-17","2021-02-18","2021-02-19","2021-02-20","2021-02-21","2021-02-22","2021-02-23","2021-02-24","2021-02-25","2021-02-26","2021-02-27","2021-02-28","2021-03-01","2021-03-02","2021-03-03","2021-03-04","2021-03-05","2021-03-06","2021-03-07","2021-03-08","2021-03-09","2021-03-10","2021-03-11","2021-03-12","2021-03-13","2021-03-14","2021-03-15","2021-03-16","2021-03-17","2021-03-18","2021-03-19","2021-03-20","2021-03-21","2021-03-22","2021-03-23","2021-03-24","2021-03-25","2021-03-26","2021-03-27","2021-03-28","2021-03-29","2021-03-30","2021-03-31","2021-04-01","2021-04-02","2021-04-03","2021-04-04","2021-04-05","2021-04-06","2021-04-07","2021-04-08","2021-04-09","2021-04-10","2021-04-11","2021-04-12","2021-04-13","2021-04-14","2021-04-15","2021-04-16","2021-04-17","2021-04-18","2021-04-19","2021-04-20","2021-04-21","2021-04-22","2021-04-23","2021-04-24","2021-04-25","2021-04-26","2021-04-27","2021-04-28","2021-04-29","2021-04-30","2021-05-01","2021-05-02","2021-05-03","2021-05-04","2021-05-05","2021-05-06","2021-05-07","2021-05-08","2021-05-09","2021-05-10","2021-05-11","2021-05-12","2021-05-13","2021-05-14","2021-05-15","2021-05-16","2021-05-17","2021-05-18","2021-05-19","2021-05-20","2021-05-21","2021-05-22","2021-05-23","2021-05-24","2021-05-25","2021-05-26","2021-05-27","2021-05-28","2021-05-29","2021-05-30","2021-05-31","2021-06-01","2021-06-02","2021-06-03","2021-06-04","2021-06-05","2021-06-06","2021-06-07","2021-06-08","2021-06-09","2021-06-10","2021-06-11","2021-06-12","2021-06-13","2021-06-14","2021-06-15","2021-06-16","2021-06-17","2021-06-18","2021-06-19","2021-06-20","2021-06-21","2021-06-22","2021-06-23","2021-06-24","2021-06-25","2021-06-26","2021-06-27","2021-06-28","2021-06-29","2021-06-30","2021-07-01","2021-07-02","2021-07-03","2021-07-04","2021-07-05","2021-07-06","2021-07-07","2021-07-08","2021-07-09","2021-07-10","2021-07-11","2021-07-12","2021-07-13","2021-07-14","2021-07-15","2021-07-16","2021-07-17","2021-07-18","2021-07-19","2021-07-20","2021-07-21","2021-07-22","2021-07-23","2021-07-24","2021-07-25","2021-07-26","2021-07-27","2021-07-28","2021-07-29","2021-07-30","2021-07-31","2021-08-01","2021-08-02","2021-08-03","2021-08-04","2021-08-05","2021-08-06","2021-08-07","2021-08-08","2021-08-09","2021-08-10","2021-08-11","2021-08-12","2021-08-13","2021-08-14","2021-08-15","2021-08-16","2021-08-17","2021-08-18","2021-08-19","2021-08-20","2021-08-21","2021-08-22","2021-08-23","2021-08-24","2021-08-25","2021-08-26","2021-08-27","2021-08-28","2021-08-29","2021-08-30","2021-08-31","2021-09-01","2021-09-02","2021-09-03","2021-09-04","2021-09-05","2021-09-06","2021-09-07","2021-09-08","2021-09-09","2021-09-10","2021-09-11","2021-09-12","2021-09-13","2021-09-14","2021-09-15","2021-09-16","2021-09-17","2021-09-18","2021-09-19","2021-09-20","2021-09-21","2021-09-22","2021-09-23","2021-09-24","2021-09-25","2021-09-26","2021-09-27","2021-09-28","2021-09-29","2021-09-30","2021-10-01","2021-10-02","2021-10-03","2021-10-04","2021-10-05","2021-10-06","2021-10-07","2021-10-08","2021-10-09","2021-10-10","2021-10-11","2021-10-12","2021-10-13","2021-10-14","2021-10-15","2021-10-16","2021-10-17","2021-10-18","2021-10-19","2021-10-20","2021-10-21","2021-10-22","2021-10-23","2021-10-24","2021-10-25","2021-10-26","2021-10-27","2021-10-28","2021-10-29","2021-10-30","2021-10-31","2021-11-01","2021-11-02","2021-11-03","2021-11-04","2021-11-05","2021-11-06","2021-11-07","2021-11-08","2021-11-09","2021-11-10","2021-11-11","2021-11-12","2021-11-13","2021-11-14","2021-11-15","2021-11-16","2021-11-17","2021-11-18","2021-11-19","2021-11-20","2021-11-21","2021-11-22","2021-11-23","2021-11-24","2021-11-25","2021-11-26","2021-11-27","2021-11-28","2021-11-29","2021-11-30","2021-12-01","2021-12-02","2021-12-03","2021-12-04","2021-12-05","2021-12-06","2021-12-07","2021-12-08","2021-12-09","2021-12-10","2021-12-11","2021-12-12","2021-12-13","2021-12-14"
"DC:District of Columbia",0,0,0,0,0,0,0,0,0,0,0,0,0,0,1,1,2,2,2,3,3,4,5,9,9,11,12,15,21,22,24,24,27,32,38,47,50,52,67,72,81,86,91,96,105,112,127,139,153,165,178,185,190,205,224,231,240,251,258,264,277,285,304,311,323,328,336,350,358,368,375,383,392,400,407,412,418,427,432,440,440,445,453,460,462,466,468,470,473,475,479,483,489,491,495,499,502,506,511,515,515,520,523,527,530,531,533,535,537,541,543,546,548,550,551,551,553,554,555,557,559,561,561,564,568,568,568,568,568,568,571,574,577,578,578,579,580,580,581,581,581,581,582,583,584,584,585,585,586,586,587,587,587,589,590,591,591,593,593,594,594,597,597,597,599,600,601,602,604,604,604,604,605,605,605,605,606,607,607,608,609,611,611,611,611,611,615,616,616,616,616,616,616,617,619,619,619,620,621,621,621,621,623,624,624,624,626,627,628,629,629,631,631,631,632,634,634,636,637,637,637,638,638,641,641,641,641,642,642,642,642,642,642,642,644,644,645,646,646,646,647,647,647,650,652,654,654,655,657,657,657,657,658,660,660,660,665,667,669,670,670,672,673,677,677,677,678,680,680,685,690,692,693,695,697,701,701,704,708,709,713,715,716,720,720,725,728,730,737,742,744,751,756,756,762,768,771,775,780,786,788,792,794,797,801,806,808,809,813,817,821,825,831,842,842,847,850,857,861,863,864,867,870,872,879,888,895,902,907,909,913,916,921,926,932,940,947,952,956,961,965,973,976,979,979,980,982,985,992,993,994,995,995,998,1001,1005,1009,1010,1017,1019,1019,1023,1024,1027,1030,1030,1035,1036,1037,1038,1038,1040,1041,1042,1042,1044,1046,1047,1049,1050,1050,1051,1053,1053,1055,1056,1056,1059,1061,1064,1066,1069,1070,1070,1072,1074,1076,1077,1079,1081,1081,1084,1085,1088,1090,1093,1095,1096,1096,1097,1097,1098,1099,1099,1099,1099,1100,1104,1105,1105,1106,1106,1106,1106,1109,1110,1110,1110,1110,1110,1113,1115,1115,1116,1118,1120,1122,1122,1124,1125,1125,1125,1127,1130,1130,1131,1132,1132,1132,1132,1132,1134,1135,1136,1136,1136,1136,1136,1137,1137,1137,1137,1137,1137,1138,1138,1139,1140,1141,1141,1141,1141,1141,1141,1141,1141,1141,1141,1141,1141,1141,1141,1141,1141,1141,1141,1141,1141,1143,1143,1143,1143,1144,1144,1145,1145,1146,1146,1146,1146,1146,1146,1146,1146,1146,1146,1146,1146,1146,1146,1149,1149,1149,1149,1149,1149,1149,1149,1149,1149,1149,1149,1149,1150,1150,1150,1150,1150,1151,1151,1155,1155,1155,1155,1155,1155,1155,1158,1159,1159,1159,1159,1160,1161,1161,1162,1162,1162,1162,1163,1163,1164,1165,1165,1165,1165,1167,1167,1167,1167,1167,1167,1167,1171,1171,1172,1172,1172,1172,1174,1174,1174,1174,1176,1176,1176,1178,1179,1180,1181,1182,1182,1182,1182,1182,1183,1183,1183,1183,1183,1184,1185,1185,1186,1186,1186,1186,1186,1187,1187,1188,1190,1190,1190,1191,1193,1193,1193,1193,1193,1193,1193,1193,1193,1193,1194,1194,1194,1194,1195,1195,1196,1196,1196,1196,1196,1196,1196,1196,1196,1196,1196,1196,1196,1196,1197,1197,1197,1197,1197,1197,1197,1197,1199,1199,1199,1199,0
"MD:Anne Arundel",0,0,0,0,0,0,0,0,0,0,0,0,0,0,0,0,0,0,0,0,1,1,1,1,1,1,1,4,6,6,8,8,11,12,16,19,27,29,32,30,35,40,41,46,48,52,56,61,63,70,71,74,78,83,91,90,94,96,101,107,108,111,115,117,121,124,127,133,135,136,141,142,142,145,145,147,149,150,153,157,159,163,163,167,172,174,175,178,178,179,182,185,185,185,186,190,191,192,192,194,194,194,195,196,198,200,200,200,201,202,201,203,206,207,207,207,209,210,209,209,209,209,210,210,210,210,210,210,210,210,211,211,211,213,213,213,213,214,214,214,214,214,214,214,214,216,216,217,217,217,218,220,220,222,222,225,225,227,228,228,228,229,229,229,229,229,230,230,230,231,231,232,232,232,233,236,236,236,237,237,238,239,240,239,239,240,240,241,241,240,240,240,240,241,242,242,244,244,244,245,245,246,246,247,248,248,248,250,251,252,252,252,252,252,254,254,255,255,257,257,258,260,262,262,263,263,263,264,265,266,267,268,270,272,272,273,274,275,278,281,282,282,283,283,283,283,283,283,283,284,286,287,288,288,288,288,288,288,291,294,294,296,296,297,298,298,298,298,298,297,297,300,300,303,303,304,307,308,310,311,310,311,313,318,319,321,324,328,329,335,337,342,344,347,349,351,352,356,362,365,367,369,369,370,375,378,385,391,397,400,402,404,407,410,413,416,419,422,424,429,433,439,442,444,447,451,455,458,464,470,471,472,474,481,485,488,489,492,493,496,501,501,502,502,503,508,511,512,518,518,521,521,522,524,527,532,534,536,538,539,542,542,543,544,545,545,545,546,548,551,552,552,552,552,553,554,556,558,558,558,558,558,559,561,562,562,562,562,564,566,568,569,569,571,571,572,573,573,573,574,576,576,578,580,582,582,585,585,585,586,586,589,588,588,588,588,590,590,592,594,595,595,596,598,600,601,601,604,604,604,604,604,606,608,609,609,609,612,612,612,613,615,616,616,620,622,646,646,646,646,646,646,646,650,651,651,651,651,651,652,656,655,657,657,657,658,658,658,660,660,660,660,661,661,663,663,664,664,664,664,665,665,665,665,665,665,665,665,665,665,665,665,665,666,666,666,668,668,668,668,668,668,669,669,669,669,669,669,669,669,669,669,669,669,669,669,671,671,670,670,670,671,671,672,672,672,672,672,672,674,674,675,677,677,678,678,679,679,681,682,682,682,682,685,685,686,689,689,690,691,693,695,696,698,704,704,705,705,707,708,710,710,710,717,721,724,725,726,727,727,730,732,735,736,737,737,737,740,744,744,745,746,747,748,750,752,753,755,754,754,754,756,756,756,760,760,761,761,764,763,764,765,767,767,767,768,770,771,771,771,771,771,772,775,776,776,778,778,778,781,782,785,786,786,786,786,788,789,789,789,791,791,791,792,794,794,795,795,795,795,795,795,795,795,795,795,795,0
"MD:Baltimore",0,0,0,0,0,0,0,0,0,0,0,0,0,1,1,1,1,1,1,1,1,1,1,1,1,1,1,3,4,6,11,11,13,16,21,26,30,31,41,32,37,44,45,50,50,58,67,71,74,79,81,98,107,118,123,129,139,147,151,157,163,169,177,185,191,194,204,218,223,234,240,250,255,263,277,286,292,299,300,307,312,320,323,336,340,344,349,358,366,371,376,384,386,388,398,402,406,410,416,422,424,427,432,437,442,448,451,455,458,460,460,461,465,467,470,473,474,474,478,480,481,482,486,490,493,495,497,496,496,498,502,504,505,509,510,512,517,519,520,521,524,525,528,534,538,545,547,549,551,551,553,555,557,559,561,563,563,566,567,572,574,574,575,574,576,581,582,584,586,588,588,592,596,599,598,600,601,602,604,605,607,608,608,608,608,608,608,609,609,610,611,612,613,614,614,617,617,619,619,619,621,621,622,622,623,626,630,632,632,632,632,634,634,637,639,640,642,642,645,645,647,647,649,650,653,653,653,654,656,658,661,662,665,665,665,666,669,672,673,675,676,676,678,681,681,683,684,686,688,688,690,691,692,692,692,695,698,700,701,703,703,706,711,717,722,726,731,732,735,740,743,756,763,764,772,773,781,788,801,806,815,821,823,828,841,850,854,861,867,874,880,889,894,899,905,906,909,916,925,933,942,946,951,954,962,971,981,987,996,998,1003,1015,1027,1037,1047,1055,1060,1064,1068,1075,1082,1092,1099,1102,1106,1112,1126,1131,1138,1146,1149,1151,1153,1158,1164,1169,1178,1182,1186,1194,1197,1205,1215,1221,1222,1229,1231,1234,1243,1243,1247,1248,1251,1254,1260,1275,1278,1282,1283,1283,1284,1288,1290,1291,1292,1293,1293,1300,1306,1307,1313,1313,1315,1315,1318,1323,1328,1338,1344,1345,1345,1350,1354,1356,1358,1359,1361,1362,1365,1366,1371,1373,1376,1376,1376,1382,1391,1398,1401,1404,1406,1408,1411,1415,1417,1420,1427,1429,1430,1432,1437,1443,1449,1453,1455,1456,1460,1462,1465,1468,1470,1474,1478,1481,1483,1489,1493,1497,1497,1497,1500,1502,1502,1504,1508,1508,1508,1511,1515,1516,1518,1527,1528,1530,1532,1537,1653,1655,1657,1657,1657,1657,1657,1659,1662,1662,1662,1662,1663,1663,1665,1666,1666,1667,1667,1667,1669,1671,1671,1672,1672,1672,1673,1677,1678,1678,1680,1680,1680,1680,1681,1682,1682,1683,1683,1683,1683,1684,1684,1685,1686,1686,1686,1687,1688,1688,1689,1689,1689,1689,1690,1690,1690,1690,1691,1691,1691,1691,1691,1691,1691,1692,1692,1692,1692,1692,1693,1693,1694,1695,1695,1697,1698,1697,1699,1699,1700,1700,1701,1701,1702,1703,1707,1707,1707,1709,1709,1709,1709,1710,1710,1710,1711,1714,1716,1718,1720,1720,1720,1721,1725,1733,1738,1739,1739,1739,1743,1743,1746,1747,1748,1748,1748,1752,1755,1761,1763,1763,1763,1763,1768,1769,1774,1774,1776,1776,1776,1781,1786,1790,1794,1795,1798,1799,1800,1802,1808,1812,1814,1817,1817,1819,1823,1823,1828,1830,1830,1830,1832,1836,1840,1843,1844,1844,1844,1850,1851,1852,1856,1857,1857,1857,1860,1863,1866,1868,1869,1870,1870,1873,1879,1880,1884,1886,1887,1888,1889,1891,1891,1891,1893,1895,1896,1899,1902,1902,1906,1906,1906,1906,1906,1906,1906,1906,1906,1906,1906,0
"MD:Baltimore city",0,0,0,0,0,0,0,0,0,0,0,0,0,0,0,0,0,0,0,0,0,2,2,2,2,2,2,4,6,7,8,9,10,13,17,22,24,26,29,27,35,42,43,51,54,59,64,66,71,78,79,88,90,101,112,115,126,129,129,133,140,149,155,163,169,171,178,186,192,192,200,203,208,210,215,218,220,229,231,234,236,236,240,248,254,258,261,263,266,269,272,276,281,282,287,289,292,294,297,301,301,304,307,309,310,313,313,316,319,325,327,330,333,335,335,337,338,340,342,344,344,349,352,355,358,363,364,365,366,367,370,373,374,378,382,384,389,390,392,395,397,400,401,403,404,406,407,409,413,413,417,421,422,424,428,428,430,431,434,435,438,441,443,444,444,444,445,449,449,449,451,451,454,455,458,460,463,463,461,461,463,465,469,470,470,470,471,471,472,472,473,473,474,476,478,478,480,482,483,482,483,484,486,487,487,487,485,486,486,486,486,486,486,486,488,489,491,491,493,493,494,495,494,495,496,496,496,496,497,498,499,501,501,501,501,502,502,504,504,506,506,508,508,509,511,515,515,517,517,519,520,522,523,527,528,531,532,532,533,538,540,543,545,548,554,558,562,565,567,568,577,581,591,592,595,595,594,606,611,620,621,624,628,630,635,641,649,657,664,668,671,677,688,687,691,693,695,699,701,704,711,716,721,724,725,731,737,744,745,744,746,749,752,756,760,765,767,776,779,778,781,785,786,793,794,797,800,804,812,816,819,821,822,823,823,827,830,834,837,843,845,848,852,854,855,858,859,857,865,867,867,867,867,869,874,885,886,885,886,886,890,894,896,897,899,900,900,900,902,906,908,909,909,909,914,916,919,922,926,927,927,932,934,935,938,942,943,943,944,944,945,948,950,951,951,953,955,958,967,971,970,972,977,983,986,989,991,991,991,994,1003,1005,1009,1013,1013,1013,1014,1020,1022,1027,1034,1035,1038,1040,1048,1054,1058,1062,1063,1063,1064,1068,1071,1078,1082,1085,1085,1091,1097,1099,1106,1112,1114,1119,1124,1126,1218,1221,1222,1222,1223,1223,1224,1227,1229,1230,1231,1231,1234,1236,1237,1237,1238,1238,1238,1238,1242,1242,1242,1244,1244,1244,1244,1245,1247,1247,1249,1249,1249,1249,1250,1252,1252,1252,1253,1253,1253,1255,1256,1256,1256,1256,1256,1257,1258,1260,1260,1260,1260,1260,1261,1262,1262,1263,1264,1264,1264,1265,1265,1265,1265,1265,1266,1266,1266,1267,1267,1267,1267,1267,1267,1267,1267,1269,1269,1269,1269,1270,1271,1271,1272,1273,1273,1274,1274,1275,1276,1276,1278,1279,1279,1279,1279,1282,1283,1283,1284,1284,1284,1284,1286,1286,1286,1287,1287,1288,1291,1293,1294,1298,1298,1298,1298,1298,1301,1305,1308,1309,1310,1310,1311,1311,1311,1313,1314,1314,1314,1314,1316,1316,1317,1317,1317,1317,1318,1320,1322,1325,1326,1327,1327,1327,1328,1333,1334,1337,1337,1337,1337,1341,1342,1344,1346,1347,1347,1350,1350,1352,1354,1360,1360,1360,1361,1361,1363,1363,1363,1363,1364,1366,1369,1369,1369,1370,1370,1370,1372,1373,1373,1373,1375,1376,1376,1379,1381,1381,1381,1383,1383,1383,1383,1383,1383,1383,1383,1383,1383,0
"MD:Calvert",0,0,0,0,0,0,0,0,0,0,0,0,0,0,0,0,0,0,0,0,0,0,0,0,0,0,0,1,1,1,1,1,2,2,2,1,1,1,1,1,1,2,2,3,3,4,5,6,6,7,7,7,8,8,8,9,11,11,11,11,11,11,11,11,11,11,13,13,13,13,13,13,13,13,14,15,15,15,15,16,16,18,17,17,18,18,18,18,20,20,20,21,21,21,21,21,21,21,21,21,21,21,22,23,23,23,23,23,24,25,26,26,26,26,26,27,27,27,27,27,27,27,27,27,27,27,27,27,27,27,27,27,27,27,27,27,27,27,27,27,27,27,27,27,27,27,28,28,28,28,28,28,28,28,28,28,28,28,28,28,28,28,28,28,28,28,28,28,28,28,28,28,28,28,28,28,28,28,28,28,28,28,28,28,28,28,28,28,28,28,28,28,28,28,28,28,28,28,28,28,28,28,28,28,28,28,28,28,28,28,28,28,28,28,28,28,28,28,28,28,28,28,28,28,28,28,29,29,29,29,29,29,29,29,29,29,29,29,29,29,29,29,29,29,29,29,29,29,29,29,29,30,30,30,30,30,31,31,31,31,31,32,33,33,36,36,37,37,37,37,38,39,39,39,39,39,39,40,40,41,42,42,42,42,43,43,43,44,45,45,45,45,45,45,45,45,45,45,45,45,46,46,46,46,47,47,47,47,47,47,47,47,47,47,47,47,47,47,49,51,52,54,55,56,56,57,57,59,61,61,61,61,61,61,61,61,63,63,63,63,63,63,63,63,63,63,63,65,66,66,67,67,67,68,68,69,70,71,71,71,71,71,72,72,72,72,72,73,73,73,73,73,73,73,73,73,73,74,74,74,74,74,74,74,74,74,74,74,74,74,74,74,74,74,74,74,74,74,74,74,74,74,74,75,75,75,75,75,75,75,76,77,77,77,77,77,77,77,78,78,78,78,78,78,78,78,78,78,78,78,78,78,78,78,78,78,78,78,78,78,78,78,78,78,78,78,85,85,85,85,85,85,85,85,85,85,85,85,85,85,85,85,85,85,85,85,85,85,85,85,85,85,86,86,86,86,86,86,86,86,86,86,86,86,86,86,86,86,86,86,86,86,86,86,86,86,86,86,86,86,86,86,86,86,86,86,86,86,86,86,86,86,86,86,86,86,86,86,86,86,86,86,86,86,86,86,86,86,86,86,87,87,87,87,87,87,87,87,87,88,88,88,88,89,90,90,90,90,90,90,90,91,91,91,91,91,91,91,91,91,91,91,91,91,93,93,93,93,93,93,94,94,94,95,95,95,95,97,97,98,98,99,100,100,100,100,100,100,101,101,101,101,101,101,101,101,101,101,101,101,101,101,101,101,101,101,101,101,101,101,101,101,101,101,101,101,101,101,101,101,101,101,101,101,101,101,101,101,101,101,101,101,101,102,102,102,102,102,102,102,102,102,102,102,102,102,102,0
"MD:Caroline",0,0,0,0,0,0,0,0,0,0,0,0,0,0,0,0,0,0,0,0,0,0,0,0,0,0,0,0,0,0,0,0,0,0,0,0,0,0,0,0,0,0,0,0,0,0,0,0,0,0,0,0,0,0,0,0,0,0,0,0,0,0,0,0,0,0,0,0,0,0,0,0,0,0,0,0,0,0,0,0,0,0,0,0,0,1,1,1,1,1,1,1,1,1,1,2,2,2,2,2,2,2,2,2,2,2,2,2,3,3,3,3,3,3,3,3,3,3,3,3,3,3,3,3,3,3,3,3,3,3,3,3,3,3,3,3,3,3,3,3,3,3,3,3,3,3,3,3,3,3,3,3,3,3,3,3,3,3,3,3,3,3,3,3,3,3,3,3,3,3,3,3,3,3,3,3,3,3,3,3,3,3,3,3,3,3,3,3,3,3,3,3,3,3,3,4,4,4,4,5,5,6,6,7,7,7,7,7,7,7,7,7,7,7,7,7,7,7,8,8,8,8,8,8,8,8,8,8,8,8,8,8,8,8,8,8,8,8,8,8,8,8,8,8,8,8,9,9,9,9,9,9,9,9,9,9,9,9,9,9,9,9,10,10,10,10,10,10,10,10,10,10,10,10,10,10,10,10,10,10,10,10,10,10,10,10,10,10,10,10,10,10,10,10,10,10,10,10,10,10,10,10,10,10,11,11,11,11,11,11,11,12,13,13,13,13,13,13,13,13,14,14,14,14,14,15,16,16,16,16,16,16,16,17,17,18,18,18,18,18,18,18,18,18,18,18,18,18,18,18,18,18,18,18,18,19,19,19,19,19,20,20,20,20,20,20,20,21,21,21,21,21,21,21,21,22,22,22,22,22,22,22,22,22,22,22,22,22,22,22,22,22,22,22,22,22,22,22,22,22,22,22,22,22,22,22,23,23,23,24,24,24,24,24,24,24,24,25,25,25,25,25,25,25,25,25,25,25,25,25,25,25,25,25,25,25,25,25,25,25,25,25,25,25,25,25,29,29,29,29,29,29,29,29,29,29,29,29,29,30,30,30,30,30,30,30,30,30,30,30,30,30,30,30,30,30,30,30,30,30,30,30,30,30,30,30,30,30,30,30,30,30,30,30,30,30,30,30,30,30,30,30,30,30,30,30,30,30,30,30,30,30,30,30,30,30,30,30,30,30,30,30,31,31,31,31,31,31,31,31,31,32,32,32,32,33,33,33,34,34,34,34,34,34,34,34,34,34,34,34,35,36,36,36,36,37,37,38,38,38,38,38,38,39,39,39,39,39,39,39,39,39,39,39,39,39,39,39,41,41,41,41,41,41,42,43,43,45,46,47,47,47,47,47,47,47,47,47,48,50,51,51,51,51,51,51,51,51,51,51,51,51,51,52,52,52,52,52,52,52,52,52,52,52,52,52,52,52,52,52,52,52,52,54,54,54,54,54,54,54,54,54,54,54,54,54,54,0
"MD:Carroll",0,0,0,0,0,0,0,0,0,0,0,0,0,0,0,0,0,0,0,0,0,0,1,1,2,5,5,5,6,8,10,16,18,18,19,25,25,28,29,30,30,30,37,36,36,38,38,38,10,47,47,37,44,53,54,58,59,59,59,61,61,54,56,58,58,58,60,61,62,64,66,67,68,69,71,70,73,76,76,79,80,86,85,85,90,90,92,93,96,98,98,101,101,101,102,103,103,103,105,105,105,105,105,108,108,109,109,109,109,109,109,110,110,111,112,112,112,112,112,114,114,114,114,114,114,115,115,116,116,116,116,116,116,116,116,116,116,116,115,115,115,115,115,116,116,116,116,116,116,117,117,117,117,117,117,117,117,117,118,118,118,118,118,119,119,119,119,119,119,120,120,120,121,122,123,123,123,123,123,123,123,123,123,123,123,123,123,123,123,123,123,123,123,123,123,123,124,124,124,124,125,124,125,126,126,126,126,126,126,126,126,126,126,126,126,126,126,126,126,126,126,127,128,128,128,128,128,128,128,129,129,129,129,129,129,129,129,129,129,130,130,130,130,130,130,130,130,130,130,130,130,130,131,131,131,131,132,133,134,134,134,134,134,134,135,135,135,136,136,138,138,142,142,142,142,142,146,146,148,151,153,153,153,153,153,153,154,155,156,157,158,159,161,163,163,165,165,165,164,165,167,167,170,171,174,175,177,177,177,177,178,178,179,179,180,180,180,180,181,181,184,186,188,188,189,189,191,193,193,194,194,194,194,194,198,200,202,203,203,203,205,206,206,206,206,207,207,208,208,208,208,208,208,210,211,212,212,213,214,214,214,214,214,214,214,214,214,215,215,215,215,217,216,216,216,216,215,215,216,216,216,217,217,217,217,217,217,217,217,217,217,218,219,220,220,221,222,224,225,226,226,226,227,227,228,229,229,229,229,231,231,232,233,233,233,233,233,233,233,234,234,234,235,235,235,236,236,237,237,237,237,238,237,237,238,238,238,239,239,239,239,239,239,239,239,239,252,252,252,252,252,252,252,252,252,252,252,252,252,252,253,253,253,253,253,253,253,253,253,253,253,253,253,253,253,254,254,254,254,254,254,254,254,254,254,254,254,254,254,254,254,254,254,254,254,254,254,254,254,254,255,255,255,255,255,255,256,256,256,256,256,256,257,257,257,257,257,257,257,257,257,258,258,258,258,259,259,259,259,259,259,259,260,260,260,260,260,260,260,260,261,261,261,262,262,262,263,263,264,264,266,266,266,266,266,267,270,270,270,271,273,273,273,274,274,275,275,275,275,276,278,279,279,278,279,279,279,280,281,282,282,284,284,284,284,284,284,284,286,287,287,286,286,287,287,287,287,287,287,287,289,289,289,289,289,290,290,291,291,292,292,292,292,293,293,293,294,294,294,294,294,295,295,295,295,295,295,295,295,295,296,296,296,297,297,297,297,297,297,297,297,297,297,297,297,297,297,0
"MD:Cecil",0,0,0,0,0,0,0,0,0,0,0,0,0,0,0,0,0,0,0,0,0,0,0,0,0,1,1,1,1,1,1,1,1,1,1,1,1,1,2,2,2,2,3,3,3,3,5,5,5,5,5,5,6,8,8,8,8,9,10,13,13,13,13,13,13,13,15,15,17,17,17,17,17,18,20,20,20,20,21,21,21,21,22,22,22,23,23,24,24,24,24,24,24,24,25,25,27,28,30,30,30,30,30,29,29,29,29,29,29,29,29,29,29,29,29,29,29,29,29,29,29,29,29,29,29,29,29,29,29,29,29,29,29,29,29,29,30,30,30,30,30,30,30,30,30,30,30,30,30,30,30,30,30,30,30,30,30,30,30,30,30,30,30,30,30,31,31,31,31,31,31,31,32,31,31,31,31,31,31,31,31,31,31,31,31,31,31,31,31,31,31,31,31,32,32,33,33,33,33,33,33,34,35,35,35,35,35,35,35,35,35,35,35,35,35,36,36,36,36,36,36,36,36,36,36,36,36,36,36,36,36,36,36,36,36,36,36,36,36,36,36,36,36,36,36,36,36,36,36,37,37,37,37,37,37,37,37,37,37,38,38,38,40,40,42,42,43,42,42,42,47,49,50,51,52,52,53,54,54,55,56,57,57,59,63,63,64,65,65,65,65,67,69,70,71,71,71,72,74,74,75,77,77,78,79,79,80,82,82,82,82,83,86,86,88,91,91,92,92,94,96,101,103,103,103,107,110,111,111,111,111,111,111,111,112,113,113,113,113,113,113,113,114,114,114,115,115,115,115,116,117,117,117,117,119,119,120,120,120,120,120,121,122,123,123,123,123,123,123,124,124,124,124,124,124,124,124,124,124,124,124,125,125,125,126,126,126,126,126,126,127,127,127,127,127,127,127,127,127,127,127,127,128,128,128,128,128,128,128,128,128,128,128,128,128,128,128,129,129,129,129,129,129,129,131,132,132,132,132,132,132,134,135,135,136,136,136,136,137,138,139,139,140,140,140,140,149,150,150,150,150,150,150,150,150,150,150,150,151,152,152,152,152,152,152,152,152,152,152,152,152,152,152,152,152,152,152,152,152,152,152,152,152,152,152,152,152,152,153,153,153,153,153,153,154,154,154,154,154,154,154,155,156,157,157,157,157,157,158,158,158,159,159,159,159,159,159,161,161,161,161,161,161,161,161,161,161,161,161,161,161,161,161,161,161,161,161,161,161,161,161,161,161,161,161,162,162,162,162,162,162,162,162,162,162,162,162,164,164,164,164,164,164,164,164,164,164,164,164,164,165,165,165,166,166,166,166,167,169,169,170,170,170,170,170,170,171,172,173,174,174,174,175,175,175,175,175,175,175,176,177,178,179,179,179,179,181,181,182,183,183,183,184,184,185,185,185,185,185,185,185,186,187,187,187,187,187,189,189,189,190,190,190,190,191,193,193,194,194,194,194,194,194,194,194,194,194,0
"MD:Charles",0,0,0,0,0,0,0,0,0,0,0,0,0,0,0,0,0,0,0,0,0,1,1,1,1,1,1,1,1,2,2,2,2,3,4,5,9,10,12,11,13,15,16,17,20,23,30,32,34,35,35,37,39,42,44,46,47,50,50,50,52,51,54,53,54,54,55,57,59,61,62,62,62,63,64,65,67,69,69,69,70,71,72,72,72,72,73,73,75,79,79,81,80,80,82,83,83,82,83,83,83,83,85,86,86,86,86,86,86,86,86,86,86,86,86,86,86,86,86,87,87,87,87,88,89,89,89,90,90,90,90,90,90,90,90,90,90,90,90,90,90,90,90,90,90,90,91,91,91,91,91,91,91,91,91,91,91,91,91,92,92,93,93,93,93,93,93,93,93,93,93,93,93,93,93,93,94,94,94,94,94,95,94,95,95,95,95,95,95,95,95,95,95,96,96,97,98,98,99,99,99,100,101,101,101,101,101,101,101,101,101,101,101,101,101,101,101,101,101,101,101,101,101,101,101,101,101,101,101,101,101,102,102,102,102,102,102,102,102,102,102,102,102,102,102,102,102,102,102,102,104,104,104,104,104,104,104,104,104,104,104,104,104,105,105,105,105,105,105,104,104,105,105,105,105,105,106,108,109,112,112,112,113,114,115,115,116,117,117,117,117,117,117,117,117,117,119,120,122,124,124,125,128,129,129,129,129,131,130,131,131,132,132,132,133,133,133,134,136,138,138,140,141,141,141,142,144,144,145,145,145,145,145,146,146,147,147,148,150,150,150,151,151,151,151,152,152,152,153,153,153,153,153,154,154,157,157,157,157,157,157,159,159,160,160,160,160,161,161,161,161,164,164,164,166,166,167,169,169,169,169,169,169,170,170,170,171,171,172,173,173,174,176,176,176,177,177,179,179,179,179,179,179,181,181,181,182,183,183,184,185,185,186,186,186,186,189,190,190,190,190,190,190,190,190,190,191,192,192,192,192,194,194,194,194,194,194,195,195,195,195,196,196,196,196,196,208,208,209,210,210,210,211,211,211,211,211,211,211,211,211,212,212,213,213,213,213,213,213,215,215,215,215,215,216,216,216,216,216,216,216,216,216,216,216,216,216,216,216,216,216,216,216,216,216,216,216,216,217,217,217,217,217,217,217,217,217,218,217,217,217,217,217,217,217,217,217,217,217,217,217,217,217,217,218,218,218,218,218,218,218,218,219,219,219,220,220,221,221,222,222,222,222,223,223,223,224,225,225,225,225,225,226,226,226,226,227,228,228,230,229,229,229,231,232,232,232,233,233,236,238,240,240,241,243,243,243,244,244,246,247,249,249,249,249,249,249,250,251,251,251,253,253,255,255,256,256,258,259,259,259,259,259,259,259,259,260,260,261,261,261,261,262,262,263,263,264,264,264,264,264,266,267,268,268,268,268,268,268,268,268,268,268,268,268,268,268,268,268,268,268,268,268,268,268,268,268,0
"MD:Dorchester",0,0,0,0,0,0,0,0,0,0,0,0,0,0,0,0,0,0,0,0,0,0,0,0,0,0,0,0,0,0,0,0,0,0,0,1,1,1,1,1,1,1,1,1,1,1,1,2,2,2,2,2,2,2,2,2,2,2,2,2,2,2,2,2,2,2,2,2,2,2,2,2,2,2,2,2,2,2,2,2,2,3,3,3,3,3,3,3,3,3,4,4,4,4,4,4,4,4,4,4,4,4,4,4,4,4,4,4,5,5,5,5,5,5,5,5,5,5,5,5,5,5,5,5,5,5,5,5,5,5,5,5,5,5,5,5,5,5,5,5,5,5,5,5,5,5,5,5,5,5,5,5,5,5,5,5,5,5,5,5,5,5,5,5,5,5,5,5,5,5,5,5,5,6,6,6,6,6,6,7,7,7,7,8,8,8,8,8,9,9,9,9,9,9,10,10,10,10,10,10,10,10,10,10,10,10,10,10,10,10,10,10,10,10,10,10,10,10,10,10,10,10,10,10,10,10,10,10,10,10,10,10,10,10,10,10,11,12,12,12,12,12,12,12,12,12,13,13,13,13,13,13,13,14,14,14,14,14,15,15,15,15,15,15,15,15,15,15,15,15,16,17,17,17,17,17,17,17,17,17,17,17,17,17,17,17,17,17,17,17,17,18,18,18,19,19,19,21,21,22,22,23,23,24,24,24,24,24,24,24,24,24,24,24,24,24,24,25,26,26,27,27,28,28,30,30,31,33,35,35,35,35,36,36,36,36,36,37,37,38,38,39,39,40,40,40,40,41,43,43,43,43,43,43,43,45,45,45,45,45,45,45,45,45,45,45,45,45,45,45,45,45,45,45,45,45,47,47,48,48,48,48,48,48,48,48,48,48,48,48,48,48,49,49,49,49,49,49,49,50,50,50,50,50,50,50,50,50,50,50,50,50,50,50,50,50,50,50,51,51,51,51,51,51,51,51,51,51,51,51,51,51,51,51,51,51,51,51,51,51,51,51,51,51,51,52,64,64,64,64,64,64,64,64,64,64,65,65,65,65,65,65,65,65,65,65,65,65,65,65,65,65,65,65,65,65,65,65,65,65,65,65,65,65,65,65,65,65,65,65,65,65,65,65,65,65,65,65,65,65,65,65,65,65,65,65,65,65,65,65,65,65,65,65,65,65,65,65,65,65,65,65,65,65,65,65,65,65,65,65,65,65,65,65,65,66,66,66,66,66,66,66,67,68,68,68,68,68,68,68,68,69,69,69,69,69,69,70,70,70,70,70,70,70,72,73,73,73,73,73,73,73,73,73,73,73,73,74,75,77,77,77,77,77,77,77,77,77,77,77,77,77,78,78,79,79,79,79,80,81,81,81,81,81,81,82,82,83,83,83,83,83,83,83,84,84,84,84,84,84,84,84,85,85,85,85,85,87,87,87,87,87,87,87,87,87,87,87,87,87,87,87,87,87,87,87,87,0
"MD:Frederick",0,0,0,0,0,0,0,0,0,0,0,0,0,0,0,0,0,0,0,0,0,0,0,0,0,2,2,2,2,3,4,4,4,4,9,11,12,12,14,27,29,30,31,30,30,33,35,36,41,45,45,48,48,51,56,56,59,61,62,66,68,70,70,72,74,74,77,80,84,88,89,90,90,90,93,94,95,96,98,99,101,103,104,105,105,105,106,107,109,109,110,111,111,111,111,112,112,114,114,114,114,115,115,115,116,116,116,116,116,116,116,116,117,117,117,117,118,118,119,120,120,120,120,120,120,120,120,120,120,120,120,120,120,120,120,120,120,120,120,120,120,120,120,120,121,121,121,121,121,121,121,121,121,121,121,121,121,121,121,121,121,121,121,121,121,121,121,122,123,123,123,123,123,123,124,125,125,125,125,125,125,126,127,127,127,127,127,127,127,128,128,128,128,129,129,129,129,129,129,130,131,131,131,131,131,132,133,133,133,133,133,133,133,133,134,134,134,134,135,135,135,135,137,137,137,137,137,137,138,138,137,138,138,138,139,139,139,139,139,139,139,140,140,140,140,140,140,140,140,140,140,140,140,141,141,141,142,144,144,146,146,146,146,146,146,146,148,150,150,150,150,152,152,154,154,154,154,155,155,156,159,160,160,163,165,165,168,170,170,170,171,171,174,175,177,179,182,182,189,194,196,196,198,198,200,202,204,205,209,209,209,212,215,217,221,222,223,224,224,226,229,233,234,237,239,240,241,240,243,243,244,245,245,250,251,253,256,256,256,256,257,257,260,261,261,263,263,264,265,265,266,267,267,267,269,272,276,278,280,280,281,281,281,281,281,282,283,283,286,287,287,287,287,287,287,287,289,291,292,292,293,296,296,297,298,300,300,300,300,301,301,301,301,301,302,302,302,303,305,305,305,305,305,306,306,307,308,309,309,312,314,314,316,319,319,319,320,320,320,320,320,320,320,320,320,321,321,321,321,321,322,322,322,322,324,324,325,325,325,325,325,325,325,325,325,325,338,338,338,338,338,338,339,339,339,339,340,340,340,341,341,341,341,341,341,341,341,341,341,341,342,342,342,342,342,342,342,342,342,342,342,342,342,343,343,343,343,344,344,344,344,344,344,344,344,344,344,344,344,344,344,344,344,344,344,344,344,345,345,345,345,345,345,345,345,345,347,347,348,348,348,348,348,348,348,348,348,348,348,348,348,348,349,349,349,350,350,350,350,350,350,350,351,351,351,351,351,351,351,351,351,352,352,353,353,353,355,356,357,359,359,359,359,360,360,361,363,363,363,363,363,363,366,366,366,366,366,366,367,367,367,368,368,368,368,369,372,372,372,372,372,372,373,375,375,375,375,375,376,377,377,377,377,377,377,379,379,379,379,381,382,382,384,385,386,386,386,386,386,388,388,388,389,389,390,390,390,390,390,390,392,392,392,393,393,396,397,397,397,397,397,397,397,397,397,397,397,0
"MD:Harford",0,0,0,0,0,0,0,0,0,0,0,0,0,0,0,0,0,0,0,0,0,0,0,0,0,0,0,0,0,0,0,0,0,0,0,1,0,0,0,3,4,6,5,6,6,7,8,8,9,11,11,11,13,13,13,15,16,16,16,19,21,22,24,25,25,25,27,28,32,32,33,34,34,35,39,40,46,46,48,48,48,49,49,49,49,51,51,51,51,51,51,52,53,53,55,57,57,58,58,58,58,59,61,62,61,61,61,61,61,61,61,61,61,61,62,62,62,63,63,63,63,63,63,64,64,65,65,65,66,66,67,66,66,66,66,66,66,66,66,67,67,67,67,67,67,67,67,67,68,68,68,69,69,69,69,69,69,69,69,69,69,69,69,69,69,69,69,69,69,69,69,69,69,69,69,69,69,69,70,70,71,72,72,72,72,72,72,73,74,75,75,75,75,75,76,76,76,76,76,76,76,76,76,76,76,76,76,76,76,76,76,76,76,76,76,76,76,76,77,77,77,77,77,77,77,78,78,79,80,80,80,81,81,81,81,81,81,82,82,82,82,82,82,82,82,83,84,84,84,84,85,85,85,86,86,87,88,88,89,89,90,90,93,95,95,95,96,98,98,103,104,106,108,109,111,114,115,115,116,118,119,119,119,122,126,129,130,131,133,134,137,139,142,144,149,150,151,154,158,164,168,169,171,171,173,174,175,177,179,179,179,181,181,182,184,187,187,187,190,194,194,195,197,197,198,200,203,206,207,207,207,208,209,213,213,213,216,216,216,218,218,221,223,224,226,226,228,229,231,231,231,231,231,233,234,236,236,237,237,237,239,239,239,240,240,240,241,244,245,245,246,248,248,248,250,251,253,255,255,255,255,255,255,255,255,255,255,255,255,255,256,257,258,259,259,259,261,261,261,261,261,261,261,264,264,265,267,267,267,267,268,268,269,269,269,269,269,270,270,271,271,272,272,272,272,272,273,274,274,274,275,275,275,275,276,277,277,277,277,278,278,278,281,281,281,281,292,292,292,292,292,292,293,294,294,295,295,295,296,296,296,296,296,296,296,297,297,297,298,298,298,298,299,299,300,300,300,300,300,300,300,301,301,301,301,301,301,301,301,301,301,301,301,301,301,301,301,302,302,302,302,302,302,303,303,303,303,303,303,304,304,304,304,304,304,304,304,304,304,304,304,305,305,305,305,305,305,305,305,305,306,307,309,309,309,309,309,309,309,309,309,309,309,309,310,311,311,312,312,312,313,315,315,315,315,315,317,318,319,323,326,326,326,329,331,332,333,333,333,333,335,335,337,338,338,338,338,338,338,340,341,342,342,342,343,346,348,349,349,349,349,349,350,351,351,351,351,351,353,353,355,355,355,355,355,356,357,359,360,360,360,360,360,360,361,361,361,362,362,362,362,362,363,363,363,363,364,365,365,365,365,365,365,368,370,370,370,372,372,372,372,372,372,372,372,372,372,0
"MD:Howard",0,0,0,0,0,0,0,0,0,0,0,0,0,0,0,0,0,0,0,0,0,0,0,1,2,2,2,2,3,3,3,3,3,4,5,6,6,8,9,10,11,11,12,12,13,13,14,15,15,16,16,17,18,19,19,19,20,20,22,23,25,27,27,29,29,31,35,38,40,40,43,43,45,49,50,49,50,52,52,52,53,54,56,58,58,58,61,61,61,65,65,65,67,68,71,73,73,73,73,74,75,76,77,79,79,80,80,80,80,81,83,84,85,85,85,84,89,89,91,91,91,91,93,93,92,95,95,95,96,96,97,97,97,98,98,98,99,99,100,100,102,102,102,102,102,105,106,106,106,106,106,106,106,106,110,110,112,112,112,112,115,115,116,116,117,117,117,118,117,117,117,117,117,117,117,117,117,117,117,117,117,117,117,118,118,118,118,119,119,119,119,119,119,119,119,119,120,120,120,122,123,123,123,122,122,122,122,122,122,122,123,123,123,123,122,123,123,123,123,123,123,123,123,123,123,123,124,124,124,124,124,124,126,126,126,126,127,127,127,129,128,128,129,129,129,128,129,129,129,130,131,131,131,132,132,132,132,133,134,134,134,135,136,137,139,139,143,145,146,148,149,150,153,153,155,155,156,161,163,163,163,164,164,166,166,166,169,170,170,171,173,173,174,176,176,176,176,176,177,180,181,181,181,181,182,182,183,184,184,186,187,188,188,188,190,192,193,194,195,196,197,197,198,198,199,201,201,201,204,204,204,205,205,207,208,209,209,210,211,212,212,214,215,216,217,217,216,217,216,216,216,216,216,218,218,219,219,220,220,220,220,220,220,221,220,220,220,220,220,220,220,220,220,220,220,220,220,222,221,222,221,223,224,225,225,226,226,226,226,226,227,227,229,229,229,229,230,230,230,230,230,230,230,230,230,230,230,230,230,230,230,231,232,232,232,232,232,232,233,233,233,233,233,233,233,233,233,233,233,233,233,233,233,233,233,233,233,233,233,233,233,233,235,236,236,236,250,250,250,250,250,250,250,250,250,251,251,252,252,252,252,252,252,252,252,254,254,254,254,254,254,254,254,254,254,254,254,254,254,254,254,255,255,255,255,256,256,256,256,256,255,255,255,255,255,255,255,255,255,255,255,258,259,259,259,259,259,259,259,259,259,260,260,260,261,262,262,262,262,262,262,262,262,262,262,263,263,263,263,263,263,263,264,264,264,264,265,265,265,265,265,265,265,265,265,265,265,265,265,265,265,265,266,266,266,266,267,267,268,269,269,269,269,269,269,269,269,269,269,269,269,269,269,269,269,269,269,269,272,273,273,273,273,273,273,273,273,273,274,274,274,274,275,275,275,275,275,275,276,276,278,278,278,278,278,278,278,278,279,279,279,279,279,280,280,280,280,280,280,282,282,282,283,283,283,283,283,283,283,283,285,285,286,286,286,287,287,287,287,287,287,287,287,287,287,287,287,0
"MD:Kent",0,0,0,0,0,0,0,0,0,0,0,0,0,0,0,0,0,0,0,0,0,0,0,0,0,0,0,0,0,0,0,0,0,0,0,0,0,0,0,1,1,1,1,1,1,1,1,1,2,3,3,4,4,4,5,4,4,6,7,7,8,8,8,10,13,13,13,13,14,14,14,14,14,14,14,14,15,15,14,14,15,15,15,17,19,19,19,19,19,19,19,19,19,19,19,19,21,22,23,23,24,24,24,24,23,23,23,23,23,23,23,23,23,23,23,23,23,23,23,23,23,23,23,23,23,23,23,23,23,23,23,23,23,23,23,23,23,23,23,23,23,23,23,23,23,23,23,23,23,23,23,23,23,23,23,23,23,23,23,23,23,23,23,23,23,23,23,23,23,23,23,23,23,23,23,23,24,24,24,24,24,24,24,24,24,24,24,24,24,24,24,24,24,24,24,24,24,24,24,24,24,24,24,24,24,24,24,24,24,24,24,24,24,24,24,24,24,24,24,24,24,24,24,24,24,24,24,24,24,24,24,24,25,25,25,25,25,25,25,25,25,25,25,26,26,26,26,26,26,26,26,26,26,26,26,26,26,26,26,26,26,26,26,25,25,25,25,25,25,25,25,25,25,25,25,25,25,25,25,25,25,25,25,25,26,26,26,26,26,26,26,26,26,27,27,27,27,27,27,27,27,28,28,28,28,28,28,28,28,30,30,31,31,30,30,30,30,30,30,30,30,30,30,30,30,34,34,36,36,36,36,36,36,37,37,37,37,37,38,38,39,39,39,39,39,39,40,40,41,41,42,42,42,42,42,42,42,42,42,42,43,43,43,43,43,43,43,43,43,43,43,44,44,44,44,44,44,44,44,44,44,44,44,44,44,44,44,44,44,44,44,44,44,44,45,45,45,45,45,45,45,45,45,45,45,45,45,45,45,45,45,45,45,45,45,45,45,45,45,45,46,46,46,46,46,46,46,46,46,46,46,46,46,46,46,46,46,46,46,46,46,46,46,46,46,46,51,51,51,51,51,51,51,51,51,51,51,51,51,51,51,51,51,51,51,51,51,51,51,51,51,51,51,51,51,51,51,51,51,51,51,51,51,51,51,51,51,51,51,51,51,51,51,51,51,51,51,51,51,51,51,51,51,51,51,51,51,51,51,51,51,51,51,51,51,51,51,51,51,51,51,51,51,51,51,51,51,51,51,51,51,51,51,51,51,51,51,51,51,51,51,51,51,51,51,51,51,51,51,51,51,51,51,51,51,51,51,52,52,52,52,52,52,53,52,52,52,52,52,52,52,53,53,53,53,53,53,53,54,54,54,54,54,54,55,55,55,55,55,55,55,55,56,56,56,56,56,56,56,56,56,56,56,56,56,56,56,56,56,56,56,56,56,56,56,56,56,56,56,56,56,56,56,56,56,56,56,56,56,56,56,56,56,56,57,57,57,57,57,57,57,57,57,57,57,57,57,0
"MD:Montgomery",0,0,0,0,0,0,0,0,0,0,0,0,0,0,1,1,1,1,1,1,1,1,1,1,1,1,6,9,9,13,19,21,26,29,34,36,42,48,54,58,70,78,86,96,106,116,126,139,154,171,180,210,221,242,255,262,282,295,301,320,333,345,355,369,382,388,407,422,437,449,461,475,480,503,515,528,540,550,558,562,567,572,581,595,605,612,616,624,633,636,645,652,656,659,667,672,674,679,686,690,694,698,704,707,710,714,720,723,725,728,731,730,734,735,736,738,739,743,747,748,749,753,752,752,754,755,757,759,760,762,763,763,766,768,768,772,774,776,781,782,782,783,787,787,787,789,789,789,791,793,794,794,797,801,802,803,803,803,806,807,808,808,810,810,812,814,814,814,814,815,815,815,816,818,818,819,820,821,821,821,821,822,823,823,825,828,829,832,833,834,834,834,835,835,836,837,837,838,838,841,841,841,842,844,844,847,848,849,850,851,849,849,850,850,851,852,854,855,855,855,856,859,860,860,860,860,860,861,862,863,863,864,867,867,869,870,872,872,873,873,874,876,878,882,886,888,889,892,896,899,901,903,905,909,912,915,916,919,922,929,931,932,935,936,939,944,947,951,954,960,966,970,977,980,983,990,993,1000,1002,1012,1017,1022,1024,1034,1039,1053,1057,1059,1060,1064,1069,1076,1080,1092,1093,1098,1104,1111,1120,1124,1129,1132,1138,1140,1147,1157,1162,1169,1174,1180,1183,1189,1203,1211,1217,1221,1226,1234,1240,1245,1256,1264,1269,1275,1279,1284,1292,1294,1298,1300,1304,1310,1313,1320,1324,1334,1338,1342,1347,1351,1360,1363,1368,1370,1372,1381,1382,1382,1393,1395,1395,1396,1398,1397,1399,1408,1408,1410,1412,1412,1418,1420,1421,1424,1426,1426,1426,1430,1435,1437,1438,1439,1441,1442,1443,1446,1449,1455,1456,1456,1456,1461,1463,1463,1468,1468,1468,1468,1468,1472,1476,1476,1480,1481,1481,1484,1484,1486,1489,1491,1493,1493,1493,1493,1495,1497,1499,1500,1500,1501,1506,1506,1508,1511,1515,1517,1518,1521,1522,1522,1522,1523,1523,1523,1523,1525,1527,1528,1528,1529,1529,1532,1533,1533,1534,1534,1535,1536,1537,1538,1539,1540,1541,1543,1543,1543,1601,1602,1602,1604,1604,1604,1604,1604,1606,1609,1609,1612,1613,1613,1615,1617,1617,1617,1617,1617,1619,1620,1621,1621,1621,1621,1622,1622,1622,1622,1622,1623,1623,1623,1623,1623,1624,1625,1625,1625,1626,1626,1627,1627,1627,1627,1627,1628,1628,1628,1628,1628,1628,1628,1628,1628,1630,1630,1631,1631,1631,1632,1633,1633,1634,1634,1634,1634,1634,1634,1634,1635,1636,1636,1636,1637,1638,1638,1638,1639,1639,1640,1640,1640,1642,1642,1642,1642,1643,1645,1645,1645,1647,1648,1648,1648,1649,1649,1650,1652,1653,1653,1654,1654,1656,1659,1661,1661,1662,1663,1663,1663,1664,1665,1669,1669,1669,1668,1670,1672,1673,1674,1674,1675,1676,1677,1679,1680,1680,1681,1681,1681,1681,1683,1685,1688,1688,1688,1689,1690,1692,1694,1696,1697,1697,1697,1699,1702,1702,1704,1705,1706,1708,1709,1710,1711,1712,1714,1714,1716,1716,1717,1718,1721,1722,1722,1723,1723,1723,1724,1725,1726,1726,1727,1728,1730,1730,1730,1730,1730,1731,1731,1731,1731,1731,1732,1732,1733,1734,1735,1737,1737,1737,1737,1737,1737,1737,1737,1737,1737,1737,0
"MD:Prince George's",0,0,0,0,0,0,0,0,0,0,0,1,1,1,1,1,1,2,2,2,2,3,3,6,7,7,7,9,13,16,23,26,32,35,42,50,55,63,72,76,80,87,95,105,112,118,132,150,158,173,174,198,206,224,240,243,269,277,284,295,311,324,339,349,353,359,373,389,398,413,420,429,436,445,453,466,477,484,490,497,506,520,530,530,539,541,545,552,565,580,587,595,598,602,607,613,620,631,634,637,640,644,648,649,653,658,659,661,661,662,669,676,677,678,680,682,686,685,687,688,689,690,692,699,700,703,706,712,714,715,717,719,720,723,723,724,726,727,727,728,730,731,731,732,734,734,737,741,743,743,744,746,748,749,751,753,755,761,764,766,766,768,768,768,769,769,772,773,777,778,780,780,783,785,785,789,791,792,793,796,797,798,801,802,803,803,804,806,807,810,813,813,813,814,817,817,816,816,816,818,821,822,825,827,827,828,828,828,828,827,828,830,830,831,831,833,833,833,836,837,839,840,841,841,843,845,846,846,848,852,853,853,853,854,854,859,859,859,863,863,863,863,864,865,869,869,870,871,873,876,878,880,883,889,890,894,899,902,902,906,907,907,909,913,921,923,925,927,931,936,938,943,948,949,954,961,964,969,974,974,985,993,994,999,1007,1011,1018,1025,1036,1037,1042,1046,1051,1061,1063,1065,1069,1072,1079,1085,1089,1096,1097,1100,1101,1111,1117,1129,1131,1137,1142,1147,1151,1155,1161,1162,1161,1170,1179,1191,1193,1196,1200,1205,1206,1206,1213,1218,1222,1228,1231,1236,1238,1243,1246,1248,1253,1258,1262,1264,1272,1280,1283,1283,1285,1290,1292,1294,1304,1303,1303,1305,1307,1309,1314,1327,1327,1328,1329,1329,1331,1334,1336,1338,1339,1341,1341,1344,1346,1351,1351,1352,1352,1352,1354,1356,1361,1367,1370,1373,1373,1376,1377,1378,1380,1383,1383,1384,1386,1388,1391,1392,1393,1394,1394,1394,1395,1398,1402,1408,1408,1408,1412,1415,1417,1421,1422,1424,1425,1428,1428,1429,1431,1435,1435,1435,1436,1442,1450,1454,1456,1457,1460,1465,1467,1470,1477,1480,1481,1481,1482,1484,1485,1485,1488,1489,1489,1490,1491,1491,1495,1496,1496,1496,1498,1500,1570,1571,1571,1573,1573,1573,1573,1575,1576,1577,1578,1578,1580,1580,1582,1584,1586,1586,1586,1588,1589,1591,1591,1591,1591,1591,1593,1594,1594,1595,1595,1596,1596,1596,1597,1597,1597,1597,1597,1597,1597,1597,1597,1597,1598,1598,1598,1598,1599,1599,1600,1601,1601,1601,1601,1601,1602,1602,1602,1602,1602,1602,1602,1603,1604,1604,1605,1605,1607,1607,1607,1608,1608,1608,1608,1608,1608,1611,1611,1613,1613,1613,1614,1616,1616,1616,1618,1618,1618,1618,1620,1622,1622,1623,1623,1623,1625,1628,1628,1630,1631,1631,1632,1634,1637,1640,1641,1642,1642,1642,1647,1650,1650,1656,1657,1657,1657,1659,1662,1666,1666,1667,1668,1669,1674,1676,1679,1682,1683,1683,1685,1688,1686,1689,1689,1689,1689,1689,1691,1696,1700,1707,1708,1708,1708,1708,1712,1713,1713,1715,1715,1715,1717,1719,1723,1723,1724,1724,1724,1725,1727,1727,1727,1727,1727,1727,1728,1731,1732,1734,1735,1735,1735,1737,1739,1739,1743,1748,1748,1748,1750,1754,1754,1754,1755,1756,1756,1756,1757,1757,1758,1759,1759,1759,1759,1759,1759,1759,1759,1759,1759,0
"MD:Queen Anne's",0,0,0,0,0,0,0,0,0,0,0,0,0,0,0,0,0,0,0,0,0,0,0,0,0,0,0,0,0,0,0,0,0,0,0,0,0,0,0,1,1,1,2,2,2,2,2,2,3,3,3,3,4,4,6,7,8,8,8,8,8,8,9,9,9,9,9,9,9,9,9,10,10,11,11,11,12,12,12,12,12,12,12,12,12,13,12,12,12,12,12,12,12,12,12,12,12,12,12,12,12,13,14,14,14,14,14,15,15,15,16,17,17,17,17,17,19,19,19,20,20,20,20,21,23,23,23,23,23,23,23,23,23,23,23,23,23,23,23,23,23,23,23,23,23,25,25,25,25,25,25,25,25,25,25,25,25,25,26,26,26,26,26,26,26,26,26,26,26,26,26,26,26,26,26,27,26,26,26,26,26,26,26,26,26,26,26,26,26,26,26,26,26,26,26,26,26,26,26,26,26,26,26,26,26,26,26,26,26,26,26,26,26,26,26,26,26,26,26,26,26,26,26,26,26,26,26,26,26,26,26,26,26,26,26,26,26,26,26,26,26,26,26,26,26,26,26,26,26,26,26,27,27,27,27,27,27,27,27,27,27,27,27,27,27,27,27,27,27,27,27,27,27,27,27,27,27,27,27,27,27,27,27,27,27,27,27,27,27,27,27,27,27,27,27,27,27,28,28,28,28,28,28,28,28,28,28,29,29,29,29,30,31,33,33,33,33,33,33,33,33,33,33,33,33,33,33,33,33,34,34,34,34,35,35,35,35,36,36,36,37,37,37,37,37,37,37,38,38,38,38,38,38,38,38,38,38,38,38,38,38,38,38,38,38,38,38,38,39,39,39,40,40,40,40,40,40,40,40,40,40,40,40,40,40,40,40,40,40,41,41,41,41,41,41,41,41,41,41,41,41,41,41,41,41,42,42,42,42,43,43,43,43,43,43,43,43,44,44,45,45,45,45,45,45,45,45,45,45,45,45,45,45,46,46,46,46,46,46,46,46,47,47,47,47,47,51,51,51,51,51,51,51,51,51,51,51,51,51,51,51,51,51,51,51,51,51,51,51,51,51,51,51,51,51,51,51,51,51,51,51,51,51,51,51,51,51,52,52,52,52,52,52,52,52,52,52,52,52,52,52,52,52,52,52,52,52,52,52,52,52,53,53,53,54,54,54,55,55,55,55,55,55,55,55,55,55,55,55,55,56,56,56,56,56,57,57,57,57,57,57,57,58,58,58,58,58,58,58,59,59,59,59,59,59,59,59,59,59,59,60,60,60,60,62,63,64,64,64,64,64,64,64,64,64,64,64,65,65,65,65,66,66,66,66,68,68,68,70,70,70,70,70,70,70,70,71,71,71,72,72,72,72,72,72,72,72,72,73,73,73,73,73,73,73,73,73,73,73,74,74,74,74,74,74,74,75,75,75,75,75,75,75,75,77,77,77,77,77,77,77,77,77,77,77,77,77,0
"MD:St. Mary's",0,0,0,0,0,0,0,0,0,0,0,0,0,0,0,0,0,0,0,0,0,0,0,0,0,0,0,0,0,0,0,0,0,0,0,0,0,1,3,1,1,1,1,2,2,3,3,4,6,6,6,6,7,8,8,7,7,7,7,7,7,8,8,8,8,9,9,9,9,9,10,11,11,12,12,13,13,14,14,15,15,16,19,20,20,22,23,24,27,28,30,33,34,34,34,35,36,40,40,39,40,40,41,44,44,44,45,46,48,48,48,50,51,51,51,51,51,51,51,51,51,51,51,51,51,51,51,51,51,51,51,51,51,51,51,52,52,53,52,52,52,52,52,53,53,53,52,52,52,52,52,52,52,52,52,52,52,52,52,52,52,52,52,52,52,52,52,52,52,53,53,54,54,55,55,55,55,55,55,55,56,56,56,56,56,56,56,57,57,57,57,57,57,57,57,57,57,57,57,57,57,57,57,57,57,57,57,57,57,57,57,58,58,58,58,58,58,58,58,59,59,59,59,59,59,59,59,59,59,59,60,60,60,60,60,60,60,60,60,60,60,60,61,61,60,60,60,60,60,60,60,60,60,60,60,60,60,60,60,61,61,61,61,61,61,61,61,61,62,62,62,64,65,66,66,67,69,69,70,73,75,75,75,76,77,77,78,80,81,81,82,82,83,83,83,83,84,84,83,87,89,89,89,89,89,91,92,92,92,92,92,94,94,94,94,95,96,96,96,98,99,99,99,99,99,99,101,102,103,104,104,105,105,107,107,108,108,108,108,108,108,108,109,109,110,111,111,111,112,112,112,112,112,113,113,114,114,114,114,114,114,114,114,115,115,115,115,115,116,116,117,117,117,117,117,117,117,118,120,120,120,120,120,121,121,121,122,122,122,122,122,123,123,123,123,123,123,123,123,123,123,123,123,123,123,123,123,123,123,123,123,123,123,123,123,123,123,123,123,123,123,123,123,123,123,123,123,123,123,123,124,124,124,124,124,124,124,124,124,124,124,124,125,125,125,125,129,129,130,130,130,130,130,130,130,130,130,130,131,131,131,131,131,131,131,131,131,132,132,132,132,132,132,132,132,132,132,132,132,132,132,132,132,132,132,132,132,132,132,132,132,132,132,132,132,132,132,132,132,132,132,132,132,132,132,132,132,132,132,132,132,132,132,132,132,132,132,132,132,132,132,132,132,133,133,134,134,134,136,136,136,136,136,136,136,136,137,137,137,137,137,137,137,137,138,138,138,138,138,138,138,139,139,139,139,139,139,141,141,141,142,142,142,142,142,143,144,145,146,146,147,148,149,149,149,150,150,150,151,152,153,154,154,154,155,157,157,159,160,160,160,160,160,160,160,161,161,161,162,162,162,162,163,164,164,164,164,164,164,166,166,166,168,169,169,169,169,169,169,169,172,172,172,173,173,173,174,174,174,174,174,174,174,174,174,174,175,176,176,176,176,176,176,176,176,176,176,0
"MD:Talbot",0,0,0,0,0,0,0,0,0,0,0,0,0,0,0,0,0,0,0,0,0,0,0,0,0,0,0,0,1,1,1,1,1,1,1,1,1,1,1,1,1,1,1,1,1,1,1,1,1,1,1,1,1,1,1,1,1,1,1,1,1,1,1,1,1,1,1,1,1,1,1,1,1,1,1,1,1,1,1,1,1,1,1,1,2,2,2,3,3,3,4,4,4,4,4,4,4,4,4,4,4,4,4,4,4,4,4,4,4,4,4,4,4,4,4,4,4,4,4,4,4,4,4,4,4,4,4,4,4,4,4,4,4,4,4,4,4,4,4,4,4,4,4,4,4,4,4,4,4,4,4,4,4,4,4,4,4,4,4,4,4,4,4,4,4,4,4,4,4,4,4,4,4,4,4,4,4,4,4,4,4,4,4,4,4,4,4,4,4,5,5,5,5,5,5,5,5,5,5,5,6,6,6,6,6,6,6,6,6,6,6,6,6,6,6,6,6,6,6,6,6,6,6,6,6,6,6,6,6,6,6,6,6,6,6,6,6,6,6,6,6,6,6,6,6,6,6,6,6,6,7,7,7,7,7,7,7,7,7,7,7,7,7,7,7,7,7,7,7,7,7,7,7,7,7,7,7,7,7,7,7,7,7,7,7,7,7,7,7,7,7,7,7,7,7,7,7,7,8,8,8,8,8,8,9,10,10,10,11,11,11,11,11,12,14,15,15,16,16,16,16,16,17,17,18,20,20,21,21,21,21,22,23,24,26,26,26,26,26,26,28,29,29,30,30,30,31,31,31,31,31,31,31,32,32,33,34,34,34,34,34,34,34,34,34,35,35,35,35,35,35,35,35,35,36,36,36,36,36,36,36,36,36,36,36,36,36,36,36,36,36,36,36,36,36,36,36,36,36,36,36,36,36,36,36,36,36,36,36,36,36,36,36,36,36,36,36,36,36,36,37,37,37,37,37,37,37,37,37,37,37,37,37,37,37,37,37,37,37,37,37,37,37,37,37,37,43,43,43,44,44,44,44,44,44,44,44,44,44,44,44,44,44,44,44,44,44,44,44,44,44,44,44,44,44,44,44,44,44,44,44,44,44,44,44,44,44,44,44,44,44,44,44,44,44,44,44,44,44,44,44,45,45,45,45,45,45,45,45,45,45,45,45,45,45,45,45,45,45,45,45,45,45,45,46,46,46,46,46,46,46,46,46,46,46,46,46,46,47,48,48,48,48,48,49,49,49,49,49,49,49,49,49,49,49,49,49,49,49,49,49,49,49,49,49,49,49,50,50,50,50,50,50,50,50,50,50,50,50,51,51,51,51,51,51,51,51,51,51,51,51,51,51,53,53,53,53,53,53,53,54,54,54,54,54,54,54,54,54,54,54,54,54,54,55,55,55,55,55,55,56,56,56,56,56,56,57,57,57,57,58,58,58,58,58,58,58,58,58,58,58,58,58,58,58,58,58,0
"MD:Washington",0,0,0,0,0,0,0,0,0,0,0,0,0,0,0,0,0,0,0,0,0,0,0,0,0,0,0,0,0,0,0,0,0,0,0,1,1,1,1,0,1,1,3,3,3,3,3,3,3,3,3,3,3,3,4,4,6,6,6,6,7,7,7,8,9,9,9,9,9,9,9,8,8,8,9,10,10,10,11,11,12,12,12,13,13,14,14,15,16,16,16,16,16,16,17,17,20,21,22,22,22,22,22,24,25,25,25,25,25,26,26,26,26,26,26,27,28,28,28,29,29,29,29,29,29,29,29,29,29,29,29,29,29,29,29,29,29,29,29,29,30,30,30,30,30,30,30,30,30,30,30,31,31,31,31,31,31,31,31,31,31,31,31,31,31,31,31,32,32,32,32,32,32,32,32,32,33,33,33,33,34,34,35,35,35,35,35,35,35,35,35,35,35,36,36,36,36,36,37,37,37,37,37,37,37,37,38,39,39,39,39,39,40,41,41,41,41,41,41,41,41,41,42,42,42,42,42,42,42,42,42,42,43,43,44,44,44,46,46,47,47,47,48,47,47,47,47,47,47,49,49,49,51,52,53,54,55,56,57,58,59,60,61,63,69,69,69,70,71,73,77,79,81,82,82,83,86,88,90,92,94,95,95,98,103,108,111,116,118,120,125,129,136,136,136,138,138,142,147,149,153,155,156,157,161,163,165,172,173,174,174,176,178,180,180,181,181,184,187,193,195,203,206,209,210,217,219,222,222,226,226,227,228,230,231,233,235,236,238,239,240,240,240,240,240,243,245,245,248,247,248,248,248,249,251,252,252,253,253,253,254,255,255,257,257,258,258,259,259,259,259,259,259,259,259,260,260,260,260,260,260,262,262,262,262,262,262,262,263,263,263,263,263,263,263,264,265,266,266,266,266,266,266,266,266,269,270,270,270,271,271,272,272,272,272,272,272,272,272,272,273,274,274,275,276,276,276,276,276,276,276,278,280,280,280,281,281,281,281,281,281,281,281,281,281,281,326,327,327,327,328,328,328,328,328,328,328,328,328,328,328,328,329,329,329,329,329,329,329,329,329,329,329,330,330,331,331,331,331,331,331,332,332,332,332,332,332,333,333,333,333,333,333,333,333,333,333,334,334,334,334,334,334,334,334,334,334,334,334,334,334,334,334,334,334,334,334,334,334,334,334,336,337,337,337,337,337,337,337,337,338,338,340,340,340,340,340,339,339,339,340,340,341,343,344,344,348,348,348,348,350,351,351,351,351,351,352,353,355,356,356,356,356,358,358,359,360,360,360,360,361,362,363,363,363,363,363,365,367,368,370,370,371,371,371,373,374,377,380,380,380,382,387,388,390,390,392,392,393,393,395,396,396,397,397,401,406,406,407,409,409,409,410,413,416,418,418,418,418,418,419,420,420,420,420,421,421,422,422,422,423,423,423,424,425,426,427,429,429,429,429,429,429,429,429,429,429,0
"VA:Alexandria city",0,0,0,0,0,0,0,0,0,0,0,0,0,0,0,0,0,0,0,0,0,0,0,0,0,0,0,0,0,0,0,1,1,1,1,1,1,1,1,6,6,6,6,6,6,9,12,14,15,18,19,18,20,21,21,24,26,26,26,26,26,29,29,30,30,30,30,31,32,32,34,34,34,34,34,37,37,38,38,38,41,42,44,44,44,44,45,44,46,46,45,45,45,45,47,47,48,48,48,48,48,47,48,48,48,49,49,49,49,50,50,56,57,57,57,57,57,57,57,57,57,57,57,57,57,57,57,57,57,57,57,56,56,56,56,56,56,56,56,56,57,57,57,57,57,57,58,59,59,59,60,60,60,60,60,60,60,60,60,60,61,61,61,61,61,61,61,61,61,61,61,61,61,61,64,62,62,62,62,62,62,62,62,62,62,62,62,62,62,62,62,62,65,66,66,67,68,68,68,68,68,69,69,69,69,69,69,69,69,69,70,70,70,71,71,73,73,73,73,73,73,73,73,74,74,74,75,75,75,75,75,74,74,74,74,74,74,74,74,74,74,74,74,76,76,76,76,76,76,76,76,76,76,76,76,76,76,77,77,77,77,77,77,77,77,77,77,77,77,77,77,79,81,82,82,82,81,81,82,82,82,82,82,82,82,82,82,83,83,83,84,85,85,86,86,86,86,87,87,87,88,88,88,88,88,89,89,91,91,91,91,91,91,94,94,95,95,95,96,96,97,99,101,101,101,101,102,103,104,104,104,104,104,104,105,105,105,105,105,105,105,104,104,104,104,104,104,104,104,104,104,105,107,109,110,112,113,114,118,119,120,123,123,123,123,125,126,126,127,127,127,128,128,128,129,129,130,128,128,128,128,128,128,128,127,128,128,128,128,128,128,128,128,128,128,129,129,129,130,130,130,130,130,130,130,130,132,132,133,133,134,133,133,133,133,133,133,133,133,133,133,133,133,134,134,134,134,134,134,134,134,134,135,135,135,135,135,135,135,135,135,135,136,136,137,137,137,137,137,137,137,137,137,137,137,137,137,137,137,137,137,137,137,137,137,137,137,138,138,138,138,138,138,138,139,139,139,139,139,139,139,140,140,140,140,140,140,140,140,140,140,140,140,141,141,141,141,141,141,141,141,141,141,141,141,141,141,141,141,141,141,141,141,141,141,141,141,141,141,141,141,141,141,141,141,141,141,141,141,141,141,141,141,141,141,142,142,142,142,142,142,142,142,142,142,142,142,142,142,142,142,142,142,142,142,142,142,142,143,143,143,143,143,143,143,143,143,143,143,144,144,144,144,147,147,147,147,148,148,148,148,148,148,148,148,148,148,148,148,148,148,148,148,148,148,148,148,149,149,149,149,149,149,149,149,149,150,150,150,150,150,151,151,151,151,152,152,152,152,153,153,153,153,153,153,153,154,154,154,154,154,154,154,155,155,155,155,155,155,155,155,155,155,155,155,155,155,0
"VA:Arlington",0,0,0,0,0,0,0,0,0,0,0,0,0,0,0,0,0,0,0,0,0,0,2,2,2,2,2,2,2,2,2,2,2,2,2,2,2,3,12,12,12,12,12,20,20,23,24,24,24,29,32,32,32,32,41,42,46,46,47,49,49,52,57,60,61,60,66,69,70,71,74,75,77,79,81,89,91,95,98,101,104,109,109,111,113,115,116,117,120,120,121,120,121,122,122,121,124,125,125,125,125,125,124,126,126,126,126,126,126,126,127,132,132,132,132,132,132,132,132,131,131,131,131,132,132,133,134,134,134,134,134,134,135,135,135,135,135,135,135,135,135,135,135,135,135,135,136,136,136,136,136,135,135,135,135,135,135,135,135,135,135,135,135,135,135,135,137,137,137,137,137,138,138,138,137,137,137,138,140,141,141,142,143,143,143,143,143,144,144,145,145,145,145,146,146,146,146,146,147,148,148,148,148,149,149,149,150,150,150,151,151,151,152,152,152,152,152,152,152,152,152,152,152,153,152,152,152,152,152,152,153,154,154,154,154,154,154,154,154,154,154,154,154,154,154,154,155,155,155,155,155,155,157,157,157,157,156,156,156,156,156,157,157,157,157,157,157,157,157,157,157,157,157,158,158,158,161,162,164,164,164,164,164,164,166,167,168,168,168,169,169,174,176,176,176,177,177,180,181,180,180,181,183,182,184,184,184,185,185,185,186,186,187,187,187,187,188,188,189,192,195,196,196,197,197,197,197,199,200,201,201,201,203,203,204,205,205,206,207,208,209,209,209,209,209,209,210,210,211,212,212,213,214,217,217,219,221,223,227,229,232,235,235,236,237,237,239,240,240,241,242,242,242,242,242,243,243,242,242,242,243,243,244,244,244,245,245,245,245,246,246,246,246,246,247,249,249,249,249,249,249,249,249,249,249,249,249,249,249,249,250,250,251,251,251,252,252,252,252,252,252,252,253,254,254,254,254,254,254,254,254,255,255,255,255,255,255,255,256,256,256,256,256,256,256,256,256,256,256,256,256,256,256,256,256,256,256,257,257,257,257,257,257,257,257,257,257,257,257,257,257,257,257,257,257,257,257,257,257,257,258,258,258,258,258,258,258,258,258,258,258,258,258,258,258,258,258,258,258,258,258,258,258,258,258,258,258,258,258,258,258,258,258,258,258,258,258,258,258,258,258,258,258,258,258,258,258,259,259,259,259,259,259,259,260,260,260,260,260,260,260,260,260,260,260,260,260,260,261,261,261,261,261,261,261,261,261,261,261,261,261,261,261,261,261,261,262,262,262,263,263,263,264,264,264,264,265,265,265,266,266,266,266,266,266,266,269,269,269,269,269,269,269,269,269,269,269,269,270,271,271,271,271,271,271,271,272,272,272,272,272,273,273,273,274,274,274,274,274,274,274,274,274,274,274,275,275,275,275,275,275,275,275,275,275,275,276,276,276,276,276,276,276,276,276,276,276,0
"VA:Clarke",0,0,0,0,0,0,0,0,0,0,0,0,0,0,0,0,0,0,0,0,0,0,0,0,0,0,0,0,0,0,0,0,0,0,0,0,0,0,0,0,0,0,0,0,0,0,0,0,0,0,0,0,0,0,0,0,0,0,0,0,0,0,0,0,0,0,0,0,0,0,0,0,0,0,0,0,0,0,0,0,0,0,0,0,0,0,0,0,0,0,0,0,0,0,0,0,0,0,0,0,0,0,0,0,0,0,0,0,0,0,0,0,0,0,0,0,0,0,0,0,0,0,0,0,0,0,0,0,0,0,0,0,0,0,0,0,0,0,0,0,0,0,0,0,0,0,0,0,0,0,0,0,0,0,0,0,0,0,0,0,0,0,0,0,0,0,0,0,0,0,0,0,0,0,0,0,0,0,0,0,0,0,0,0,0,0,0,0,0,0,0,0,0,0,0,0,0,0,0,0,0,0,0,0,0,0,0,1,1,1,1,1,1,1,1,1,1,1,1,1,1,1,1,1,1,1,1,1,1,1,1,1,1,1,1,1,1,1,1,1,1,1,1,1,1,1,2,2,2,2,2,2,2,2,2,2,2,2,3,3,3,3,3,3,3,3,3,3,3,3,3,4,4,4,4,4,4,4,4,4,4,4,4,4,4,4,4,4,4,4,5,5,5,5,5,5,5,5,5,5,5,5,5,5,5,5,5,5,6,6,6,6,7,7,7,7,7,7,7,7,8,8,8,8,8,8,8,8,8,8,8,9,9,9,9,9,9,9,9,9,9,12,12,12,12,12,12,12,13,13,13,13,14,14,14,15,16,17,17,18,18,19,19,19,19,19,19,19,19,19,19,19,19,19,19,19,19,19,19,18,18,18,18,18,18,18,18,18,18,18,18,18,18,19,19,19,19,19,19,19,19,19,19,19,19,19,19,19,19,19,19,19,19,19,19,19,19,19,19,19,19,19,19,19,19,19,19,19,19,19,19,19,19,19,19,19,19,20,20,20,20,20,20,20,20,20,20,20,20,20,20,20,20,20,20,20,20,20,20,20,20,20,20,20,20,20,20,20,20,20,20,20,20,20,21,21,21,21,21,21,21,21,21,21,21,21,21,21,21,21,21,21,21,21,21,21,21,21,21,21,21,21,21,21,21,21,21,21,21,21,21,21,21,21,21,21,21,21,21,21,21,21,21,21,21,21,21,21,21,21,21,21,21,21,21,21,21,21,21,21,21,21,21,21,21,21,21,21,21,21,21,22,22,22,22,22,22,22,22,22,22,22,22,22,22,22,22,22,22,22,22,22,21,21,21,21,22,22,22,22,22,22,22,22,22,22,22,22,22,22,22,23,23,23,24,24,24,24,24,24,25,25,25,25,25,25,25,25,25,25,25,25,25,25,25,25,25,25,25,26,27,28,28,28,28,28,28,29,29,29,29,29,29,30,30,30,30,30,30,30,30,31,31,32,32,32,33,0
"VA:Culpeper",0,0,0,0,0,0,0,0,0,0,0,0,0,0,0,0,0,0,0,0,0,0,0,0,0,0,0,0,0,0,0,0,0,0,0,0,0,0,0,0,0,0,0,0,0,1,1,1,1,1,1,2,2,3,3,3,3,3,3,3,3,4,4,5,5,5,5,5,5,5,5,5,5,5,5,5,5,5,5,5,6,5,5,6,6,6,6,8,8,8,8,8,8,8,8,9,9,9,9,9,9,9,9,9,9,9,9,9,9,9,9,9,10,10,10,10,10,11,11,11,11,11,11,11,12,12,12,12,12,12,12,12,12,12,12,12,12,12,12,12,12,12,12,12,12,12,12,12,12,12,12,12,12,12,12,12,12,12,12,12,12,12,12,12,12,13,13,13,13,13,13,13,13,13,13,13,13,13,13,14,14,14,14,14,14,14,14,14,14,14,14,14,16,16,16,16,16,16,16,16,16,16,17,17,17,17,17,17,17,17,17,17,17,17,17,18,18,18,18,18,18,18,18,18,18,18,18,18,18,18,18,18,18,18,18,18,18,18,18,18,18,18,18,18,18,18,18,18,18,18,18,18,18,18,18,18,19,19,20,19,19,19,20,20,20,20,20,20,20,20,20,20,19,19,19,19,19,19,19,19,19,19,19,19,19,19,18,18,18,18,18,18,18,18,18,18,18,19,19,19,23,23,23,23,23,23,23,23,23,23,23,27,29,29,30,30,30,30,30,31,32,32,33,33,33,33,33,33,34,34,34,34,34,35,36,36,36,36,36,36,38,38,38,38,38,38,39,39,39,39,42,44,46,46,48,48,49,50,50,52,52,56,55,55,55,55,55,55,55,56,56,56,56,56,56,56,56,56,56,56,56,56,56,56,56,56,56,56,56,56,56,56,56,56,56,56,56,57,57,57,57,57,58,58,58,58,58,58,58,59,59,59,60,60,61,61,61,61,61,61,61,61,61,61,61,61,62,62,62,62,62,62,63,63,63,63,63,64,64,64,64,64,64,64,64,64,64,64,64,64,65,65,65,65,65,65,65,66,66,66,66,66,67,67,67,67,67,67,67,67,67,67,67,67,67,67,67,67,67,67,67,67,67,67,67,67,67,67,67,67,67,67,67,67,67,67,67,67,67,67,67,67,67,67,67,67,67,68,68,68,69,69,69,69,69,69,69,69,69,69,69,69,69,69,69,69,69,69,69,69,69,69,69,69,69,69,70,70,70,70,70,70,70,70,70,70,70,70,70,70,70,70,70,70,70,70,70,70,70,70,70,70,70,70,70,70,71,71,71,72,75,76,76,75,75,75,76,77,78,78,79,79,79,79,79,79,79,79,79,79,81,81,82,82,83,83,83,85,86,86,86,86,86,86,86,86,86,86,86,86,86,86,86,86,86,86,86,86,87,88,88,88,88,88,88,89,89,90,90,91,91,91,92,92,92,92,92,92,92,92,92,92,92,92,92,92,93,0
"VA:Fairfax",0,0,0,0,0,0,0,0,0,0,0,0,0,0,1,1,1,1,1,1,1,1,1,2,2,5,5,5,5,5,6,9,9,16,16,16,16,20,20,29,30,37,37,37,59,64,66,76,85,90,95,100,114,124,134,137,153,184,198,201,201,211,227,230,239,243,253,262,267,273,278,282,284,292,302,309,321,326,327,331,340,364,371,378,383,383,387,391,396,403,410,413,414,414,416,422,418,421,423,423,423,428,429,431,432,435,435,438,445,450,457,463,468,473,478,488,488,492,494,495,496,495,495,495,497,499,498,500,500,500,502,509,508,508,508,508,510,510,511,513,515,515,517,519,519,519,520,522,523,523,528,530,527,530,529,529,529,529,529,530,531,533,533,535,537,538,539,539,539,542,543,547,549,549,550,555,555,558,560,561,562,562,562,562,562,563,566,566,567,568,568,568,569,572,573,574,579,581,581,583,583,583,586,586,586,586,586,588,588,590,590,590,590,592,594,595,598,599,599,599,599,599,600,599,601,602,602,602,604,605,606,606,606,606,605,605,605,605,605,605,605,604,604,605,595,606,606,606,607,609,609,610,610,610,610,610,611,612,614,614,614,614,617,620,622,623,623,623,623,624,624,624,625,626,626,626,628,629,632,633,641,641,641,647,648,649,651,653,654,654,660,663,666,670,671,671,671,675,679,679,683,685,685,687,689,691,697,699,707,707,707,715,720,725,730,732,732,732,733,738,742,749,753,752,752,760,762,772,782,784,784,784,788,792,798,803,807,807,807,816,821,826,827,828,829,829,830,834,834,834,841,851,859,870,880,889,908,920,930,949,956,985,985,990,995,1005,1012,1025,1027,1027,1031,1032,1029,1032,1033,1040,1040,1035,1035,1037,1038,1034,1033,1034,1034,1036,1036,1038,1038,1040,1040,1039,1040,1041,1045,1048,1049,1049,1051,1052,1053,1054,1055,1056,1058,1059,1059,1061,1063,1064,1065,1067,1067,1067,1067,1068,1070,1070,1072,1073,1073,1073,1073,1074,1074,1075,1074,1075,1076,1076,1077,1077,1077,1079,1080,1080,1080,1081,1081,1081,1082,1087,1088,1088,1091,1092,1097,1097,1098,1099,1100,1102,1103,1103,1103,1104,1104,1105,1105,1105,1105,1105,1105,1105,1106,1107,1107,1108,1108,1108,1109,1109,1111,1111,1113,1113,1113,1113,1113,1115,1115,1115,1116,1116,1116,1116,1117,1117,1118,1119,1119,1119,1119,1122,1123,1124,1124,1124,1124,1124,1124,1124,1124,1125,1125,1125,1125,1125,1125,1125,1125,1125,1125,1125,1125,1125,1126,1126,1126,1126,1126,1126,1126,1126,1127,1127,1127,1127,1128,1128,1128,1128,1128,1128,1129,1130,1131,1131,1133,1133,1133,1137,1137,1138,1139,1139,1139,1139,1140,1140,1140,1141,1141,1141,1141,1143,1143,1145,1147,1148,1148,1148,1146,1146,1147,1149,1150,1150,1150,1151,1151,1151,1152,1152,1152,1152,1153,1154,1155,1158,1158,1158,1158,1158,1165,1165,1166,1170,1170,1170,1173,1176,1177,1177,1178,1178,1178,1181,1181,1182,1183,1183,1183,1183,1180,1177,1177,1178,1177,1177,1177,1172,1172,1171,1166,1168,1168,1168,1171,1172,1173,1175,1176,1176,1176,1176,1176,1176,1176,1177,1177,1177,1177,1177,1178,1178,1178,1178,1178,1178,1178,1179,1178,1178,1178,1178,1179,0
"VA:Fairfax city",0,0,0,0,0,0,0,0,0,0,0,0,0,0,0,0,0,0,0,0,0,0,0,0,0,0,0,0,0,0,0,0,0,0,0,0,0,0,0,0,0,0,0,0,0,1,1,2,2,2,2,2,2,2,2,2,2,2,2,2,2,3,3,3,3,3,3,3,3,3,3,3,3,3,3,3,4,3,3,3,4,4,6,6,6,6,6,6,6,6,5,5,5,5,5,6,6,6,6,6,6,6,7,6,6,6,6,7,7,7,7,7,7,7,7,7,7,7,7,7,7,7,7,7,7,7,7,7,7,7,7,7,7,7,7,7,7,7,7,7,7,7,7,7,7,7,7,7,7,7,7,7,7,7,7,7,7,7,7,7,7,7,7,7,7,7,7,7,7,7,7,7,7,7,7,7,7,7,7,7,7,7,7,7,7,7,7,7,7,7,7,7,7,7,7,7,7,7,7,7,7,7,8,8,8,8,8,8,8,8,8,8,8,8,8,8,8,8,8,8,8,8,8,8,8,8,8,8,8,8,8,8,8,8,8,8,8,8,8,8,8,8,8,8,8,8,8,8,8,8,8,8,8,8,8,8,8,8,8,8,8,8,8,8,9,9,9,9,9,9,9,9,9,9,9,9,9,10,10,10,10,10,10,10,10,10,10,10,10,10,10,10,10,10,10,10,10,10,10,10,10,10,10,10,10,10,10,10,10,10,10,10,10,10,10,10,10,10,10,10,10,10,10,10,10,10,10,10,12,12,12,12,12,12,12,12,12,12,12,12,12,12,12,12,12,12,12,12,12,12,12,13,13,13,13,13,13,13,13,13,13,13,13,13,14,14,15,16,16,16,16,16,16,16,16,16,16,16,17,17,17,17,17,17,17,18,18,18,18,18,18,18,18,18,18,18,18,18,18,18,18,18,18,18,18,18,18,18,18,18,18,18,18,18,19,19,19,19,19,19,19,19,19,19,19,19,19,19,19,19,19,19,19,19,19,19,19,19,19,19,19,19,19,19,19,19,19,19,19,19,19,19,19,19,19,20,20,20,20,20,20,20,20,20,20,20,20,20,20,20,20,20,20,20,20,20,20,20,20,20,20,20,20,20,20,20,20,20,20,20,20,20,20,19,19,19,19,19,19,19,19,19,19,19,19,19,19,19,19,19,19,19,19,19,19,19,19,19,19,19,19,19,19,19,19,19,19,19,19,19,19,19,19,19,19,19,19,19,19,19,19,19,19,19,19,19,19,19,19,19,19,19,19,19,19,19,19,19,19,19,19,19,19,19,19,19,19,19,19,19,19,19,20,20,20,20,20,20,20,20,20,20,20,20,20,20,20,20,20,20,20,20,20,20,20,20,20,20,20,20,20,20,20,20,21,25,25,26,27,27,27,30,30,30,34,34,34,34,34,35,35,35,35,35,35,35,35,35,35,35,35,35,35,35,35,35,35,35,35,35,35,35,35,35,35,35,35,0
"VA:Falls Church city",0,0,0,0,0,0,0,0,0,0,0,0,0,0,0,0,0,0,0,0,0,0,0,0,0,0,0,0,0,0,0,0,0,0,0,0,0,0,0,0,0,0,0,0,0,1,1,2,2,2,2,2,2,2,2,2,2,3,4,4,4,4,4,4,4,4,4,4,4,4,4,4,4,4,5,5,5,5,5,5,6,8,8,8,8,8,8,8,8,8,8,8,8,8,8,8,8,8,7,7,7,7,7,7,7,7,7,7,7,7,7,7,7,7,8,8,8,8,8,8,8,8,8,8,7,7,7,7,7,7,7,7,7,7,7,7,6,6,6,6,6,6,6,6,6,6,6,6,6,6,5,5,6,6,6,6,6,6,6,6,6,6,6,6,6,6,7,7,7,7,7,7,7,7,7,7,7,7,7,7,7,7,7,7,7,7,7,7,7,7,7,7,7,6,6,6,6,6,6,6,6,6,6,7,7,7,7,7,7,7,7,7,7,7,7,7,7,7,7,7,7,7,7,7,7,7,7,7,7,7,7,7,7,7,7,7,7,7,7,7,7,7,7,7,6,7,7,7,7,7,7,7,7,7,7,7,7,7,7,7,7,7,7,7,7,7,6,6,6,6,6,6,6,6,6,6,6,6,6,6,6,6,6,6,6,6,6,6,6,6,6,6,6,6,6,6,6,6,6,6,6,6,6,6,6,6,6,6,6,6,6,6,6,6,6,6,6,6,6,6,6,6,6,6,6,6,6,6,6,6,6,6,7,7,7,7,7,7,7,7,7,7,7,7,7,7,7,7,7,7,7,7,7,7,7,7,7,7,7,7,8,8,8,8,8,9,9,9,9,9,9,9,9,9,10,10,10,10,10,10,10,10,10,10,10,10,10,10,10,9,9,9,9,9,9,9,9,9,9,9,9,9,9,9,9,9,9,9,9,9,9,9,8,8,8,8,8,9,9,9,9,9,9,9,9,9,9,9,9,9,9,9,9,9,9,9,9,9,9,9,9,9,9,9,9,9,9,9,9,9,9,8,8,8,8,8,8,8,8,8,8,8,8,8,8,8,8,8,8,8,8,8,8,7,7,8,8,8,8,8,8,8,8,8,8,8,8,8,8,8,8,8,8,8,8,8,8,8,8,8,8,8,8,8,8,8,8,8,8,8,8,8,8,8,8,8,8,8,8,8,8,8,8,8,8,8,8,8,8,8,8,8,8,8,8,8,8,8,8,8,8,8,8,8,8,8,8,8,8,8,8,8,8,8,8,8,8,8,8,8,8,8,8,8,8,8,8,8,8,8,8,8,8,8,8,8,8,8,8,8,8,8,8,8,8,8,8,8,8,8,8,8,8,8,8,8,8,8,8,8,8,8,8,8,12,12,12,11,11,11,11,12,12,13,14,14,14,14,14,14,14,14,14,14,14,14,14,14,14,14,14,14,14,14,14,14,14,14,14,14,14,14,14,14,14,14,14,0
"VA:Fauquier",0,0,0,0,0,0,0,0,0,0,0,0,0,0,0,0,0,0,0,0,0,0,0,0,0,0,0,0,0,0,0,0,0,0,0,0,0,0,0,0,0,0,0,0,0,1,1,1,2,2,2,2,2,2,2,2,2,2,3,3,3,4,4,4,4,4,5,5,5,5,5,5,5,5,5,5,5,5,5,5,5,5,6,6,6,6,6,6,6,6,6,6,6,6,6,6,6,6,6,6,6,6,6,6,6,6,6,6,6,6,6,6,6,6,6,6,7,7,7,7,7,7,8,8,8,8,8,8,8,8,8,8,8,8,8,8,8,8,8,8,8,8,8,8,8,8,8,8,8,8,8,9,9,9,9,9,9,9,9,9,9,9,9,9,9,9,9,9,9,9,9,9,9,9,9,9,9,9,9,9,9,9,15,15,18,18,20,21,21,21,21,21,21,21,21,21,21,21,22,22,25,25,25,25,25,25,25,25,25,25,25,25,25,25,25,25,25,25,25,25,25,25,25,25,25,25,26,26,26,26,27,27,27,27,27,27,27,27,27,27,27,27,27,27,27,27,27,27,27,27,27,28,28,28,28,27,27,27,27,27,27,27,28,28,28,28,28,28,28,28,28,28,28,28,28,28,28,28,28,28,28,28,28,28,28,28,28,28,28,28,28,28,28,28,28,28,28,28,28,28,28,28,28,28,29,29,29,30,30,30,30,30,30,30,30,30,30,30,30,30,30,31,30,30,30,30,31,33,33,33,33,33,33,33,33,33,34,34,34,35,36,37,37,37,37,37,37,37,37,37,41,43,45,46,47,48,47,51,51,52,53,53,53,55,56,57,59,60,59,59,59,59,59,60,61,61,61,61,61,61,61,61,62,61,61,61,61,61,61,62,62,62,62,62,62,62,62,63,63,63,63,63,63,63,63,63,63,63,63,63,63,63,63,63,63,63,63,63,63,63,63,64,64,64,64,66,65,65,65,66,66,68,68,69,70,70,70,70,70,70,70,70,70,70,70,70,70,70,70,70,70,70,70,70,70,70,70,70,70,70,70,70,70,69,69,69,69,69,69,69,69,69,69,69,69,69,69,69,69,69,69,69,69,69,69,69,69,69,69,69,69,69,69,69,69,69,69,69,69,69,69,69,69,69,69,69,69,69,69,69,70,70,70,70,70,70,70,70,70,70,70,70,70,70,71,71,71,71,71,71,71,71,71,71,71,71,71,71,72,72,72,72,72,72,72,72,72,72,72,72,72,73,73,73,73,73,75,75,75,76,76,76,76,76,76,76,77,77,77,80,80,81,81,81,81,81,81,81,81,81,82,82,82,82,82,83,83,83,83,83,83,85,85,85,85,85,85,85,85,85,86,86,86,86,86,86,86,86,86,86,86,86,86,86,86,86,86,86,86,86,86,88,88,88,88,88,88,88,88,88,88,88,88,88,88,88,89,89,89,89,89,89,90,91,91,91,92,0
"VA:Frederick",0,0,0,0,0,0,0,0,0,0,0,0,0,0,0,0,0,0,0,0,0,0,0,0,0,0,0,0,0,0,0,0,0,0,0,0,0,0,0,0,0,0,0,0,0,0,0,0,0,0,0,0,1,1,1,1,1,1,1,1,1,1,2,2,2,2,2,2,3,3,3,3,3,3,3,3,3,3,3,4,4,4,4,4,4,4,4,4,4,4,4,4,4,4,4,4,4,4,4,4,4,4,4,4,4,4,4,4,4,4,4,4,5,5,5,6,6,6,6,6,6,6,6,6,6,6,6,6,6,6,7,7,7,7,7,7,7,7,7,7,7,7,7,7,7,7,7,9,9,9,9,9,9,9,9,9,9,9,9,9,9,10,10,10,10,10,10,10,10,10,10,10,10,10,10,10,10,10,11,11,11,11,11,11,11,11,11,11,11,11,11,11,11,11,11,11,11,11,11,12,13,13,13,13,13,13,13,13,13,13,13,13,13,13,13,13,13,13,13,13,13,13,13,13,13,13,13,13,13,13,13,13,13,13,13,13,13,14,14,13,13,13,13,14,15,15,15,15,15,15,15,16,16,16,16,16,17,17,17,17,17,17,17,17,18,18,18,18,18,18,19,19,19,19,19,19,19,19,19,20,22,22,22,23,23,24,24,24,24,24,24,24,25,25,25,25,25,27,27,28,28,30,30,30,32,33,33,33,35,35,35,35,35,37,37,37,37,38,38,39,39,40,42,42,42,42,42,43,44,45,45,45,45,45,47,47,47,47,47,47,47,47,47,47,47,47,47,48,49,49,50,53,55,56,59,61,64,66,68,72,74,85,85,87,87,88,88,88,91,91,93,94,96,96,96,96,96,96,96,96,96,96,96,96,96,94,94,94,94,94,95,95,95,95,95,95,95,95,95,95,95,95,95,95,95,95,96,97,97,98,97,97,97,97,97,97,97,98,98,100,100,100,100,100,100,100,100,100,100,100,100,99,100,100,101,101,101,101,101,101,101,101,101,102,102,102,102,102,102,102,102,102,102,102,102,102,102,102,102,102,102,102,102,102,102,102,102,102,102,102,102,102,102,102,102,102,102,102,102,102,102,102,102,103,103,103,103,103,103,103,104,104,104,104,104,104,104,104,104,104,104,104,104,104,104,104,104,104,104,104,104,104,104,104,104,104,104,103,103,103,103,103,103,103,103,103,103,103,103,103,104,104,104,104,104,104,104,104,105,105,105,105,105,105,105,106,106,106,107,107,107,107,107,107,107,110,111,112,113,113,113,113,114,115,115,117,117,117,117,122,123,124,124,124,124,124,124,124,126,131,131,131,131,131,133,135,135,138,138,138,139,139,140,141,146,146,146,148,148,150,150,149,149,149,150,150,150,151,151,151,151,151,151,152,153,153,153,153,155,155,156,158,158,158,158,158,158,160,160,161,161,161,161,164,164,164,164,164,164,164,164,164,165,165,165,165,167,0
"VA:Fredericksburg city",0,0,0,0,0,0,0,0,0,0,0,0,0,0,0,0,0,0,0,0,0,0,0,0,0,0,0,0,0,0,0,0,0,0,0,0,0,0,0,0,0,0,0,0,0,0,0,0,0,0,0,0,0,0,0,0,0,0,0,0,0,0,0,0,0,0,0,0,0,0,0,0,0,0,0,0,0,0,0,0,0,0,0,0,0,0,0,0,0,1,0,0,0,0,0,0,0,0,0,0,0,0,0,0,0,0,0,0,1,0,0,0,0,0,0,0,0,0,0,0,0,0,0,0,0,0,0,0,0,0,0,1,0,0,0,0,0,1,1,1,2,3,2,2,2,2,2,2,2,2,2,3,3,3,3,4,4,3,4,4,4,4,4,4,3,4,4,4,4,4,4,4,4,4,4,5,5,5,5,5,5,5,4,4,4,4,4,4,4,4,4,4,5,5,5,5,5,5,5,6,5,5,5,5,5,5,5,5,5,5,5,5,5,5,5,5,5,5,5,5,5,5,5,5,5,5,5,5,6,6,6,6,6,6,6,6,6,6,6,6,6,6,6,6,6,6,6,6,6,6,6,6,7,7,6,6,6,6,6,6,6,6,6,6,6,6,6,6,6,6,6,6,6,6,6,6,6,6,6,6,6,6,6,7,8,8,8,9,8,8,8,8,8,8,8,8,8,9,9,9,11,11,11,11,11,11,11,11,11,11,11,11,12,12,12,13,13,13,13,13,14,14,14,14,14,14,14,14,14,14,14,14,14,14,14,14,14,14,14,14,14,14,14,14,14,14,14,14,14,14,14,14,14,17,19,19,19,19,19,19,21,22,22,22,22,22,22,22,22,22,22,22,22,22,22,22,22,22,22,22,22,22,22,22,22,22,22,22,22,22,22,22,22,22,22,22,22,22,22,22,22,22,22,22,22,22,22,22,22,22,22,22,22,22,22,22,22,22,22,23,23,23,23,23,23,23,23,23,23,23,23,23,23,23,23,23,23,23,23,23,23,23,23,24,24,24,24,24,24,24,24,24,25,25,25,25,25,25,25,25,25,25,25,25,25,25,25,25,25,25,25,25,25,25,25,25,25,25,25,25,25,25,25,25,25,25,25,25,25,25,25,25,25,25,25,25,25,25,25,25,25,25,25,25,25,25,25,25,25,25,25,25,25,25,25,25,25,25,25,25,25,25,25,25,25,25,25,25,25,25,25,25,25,25,25,25,25,25,25,25,25,25,25,25,25,25,25,25,25,25,25,25,25,25,25,25,25,25,25,25,25,25,25,25,25,25,25,25,25,25,25,25,25,25,25,25,25,25,25,25,25,25,25,25,25,25,25,25,25,25,25,25,25,25,25,25,25,25,25,25,25,26,26,26,26,26,26,26,26,26,26,26,26,26,26,26,26,26,26,26,26,26,26,26,26,26,26,26,26,26,26,26,26,26,26,26,26,26,26,26,26,26,26,26,26,26,26,0
"VA:King George",0,0,0,0,0,0,0,0,0,0,0,0,0,0,0,0,0,0,0,0,0,0,0,0,0,0,0,0,0,0,0,0,0,0,0,0,0,0,0,0,0,0,0,0,0,2,4,4,4,4,4,4,4,4,4,4,4,4,4,4,4,4,4,4,4,4,4,4,4,4,4,4,4,4,4,4,4,4,4,4,4,4,4,4,4,4,4,4,4,4,4,4,4,4,4,4,4,4,4,4,4,4,4,4,4,4,4,4,4,4,4,4,4,4,4,4,4,4,4,4,4,4,4,4,4,4,4,4,4,4,4,4,4,4,4,4,4,4,4,4,4,4,4,4,4,4,4,4,4,4,4,4,4,4,4,4,4,4,4,4,4,4,4,4,4,4,4,4,4,4,4,4,4,4,4,4,4,4,4,4,4,4,4,4,4,4,4,4,4,4,4,4,4,4,4,4,4,4,4,4,4,4,4,4,4,4,4,4,4,4,4,4,4,4,4,4,4,4,4,4,4,4,4,4,4,4,4,4,4,4,4,5,5,5,5,5,5,5,5,5,5,5,5,5,5,5,5,5,5,5,5,5,5,5,5,5,5,5,5,5,5,5,5,5,5,5,5,5,5,6,6,6,6,7,7,7,7,7,7,7,7,7,7,7,8,8,9,9,9,9,9,9,9,9,9,9,9,9,9,10,10,10,10,10,10,10,10,10,10,10,10,10,10,10,10,10,10,10,10,10,11,11,11,11,11,11,11,11,11,11,11,11,11,11,11,11,11,11,11,11,11,11,11,12,12,12,12,12,12,12,12,12,12,12,13,15,16,16,16,16,16,16,16,16,16,16,16,16,16,16,16,16,16,16,16,17,17,17,17,17,17,17,18,18,18,18,18,18,18,18,18,18,18,18,18,18,18,18,18,18,18,18,18,18,18,18,18,18,18,19,19,19,19,19,19,19,19,19,19,19,19,19,19,19,19,20,20,20,20,20,20,20,20,20,20,20,20,20,20,20,20,20,20,20,20,20,20,20,20,20,20,20,20,20,20,20,20,20,20,20,20,20,20,20,20,20,20,20,20,20,20,20,20,20,20,20,20,20,20,20,20,20,20,20,20,20,20,20,20,20,20,20,20,20,20,20,20,20,20,20,20,20,20,20,20,20,20,20,20,20,20,20,20,20,20,20,20,20,20,20,20,20,20,20,20,20,20,20,20,20,20,20,20,20,20,20,20,20,20,20,20,20,20,20,21,21,21,21,21,21,21,21,21,21,21,21,21,21,21,21,21,21,22,22,22,22,22,22,22,22,22,22,22,22,22,22,22,22,22,22,22,22,22,22,22,22,22,22,22,22,22,22,22,22,22,22,22,22,22,23,23,23,23,23,23,23,23,23,23,23,23,23,23,23,23,23,23,23,23,24,24,24,24,24,24,24,24,24,24,24,24,24,24,24,24,24,24,24,24,24,24,24,24,24,24,24,24,0
"VA:Loudoun",0,0,0,0,0,0,0,0,0,0,0,0,0,0,0,0,0,0,0,0,0,0,0,0,0,0,0,0,0,0,0,0,0,0,0,0,0,5,5,5,5,5,5,7,7,8,9,10,10,11,11,12,12,14,15,15,16,16,18,24,24,26,29,30,30,30,35,38,44,48,48,48,48,48,49,49,51,52,52,52,52,53,63,62,62,62,66,67,67,67,67,67,67,67,67,67,69,70,71,71,71,76,80,82,82,82,83,84,84,84,85,86,86,87,87,87,87,89,91,91,90,90,93,98,99,99,99,99,99,99,101,101,102,103,103,103,106,106,106,106,106,106,106,108,109,109,110,112,112,112,113,113,115,115,115,115,115,115,115,115,115,115,115,115,115,115,115,115,115,115,115,115,117,117,118,118,118,118,118,118,118,118,118,118,118,118,118,118,118,118,118,118,119,119,120,122,123,123,123,123,123,124,124,124,124,124,124,125,126,126,126,126,126,126,127,127,128,128,128,128,128,128,129,129,129,129,129,130,130,130,130,130,130,130,130,130,130,130,131,132,132,132,132,133,134,134,134,134,134,134,134,135,135,135,136,136,136,138,139,139,139,139,139,142,142,142,142,142,143,144,144,150,150,150,150,150,151,151,151,151,151,151,151,154,154,155,155,155,155,155,154,154,154,154,154,154,154,156,158,159,161,161,161,161,161,161,162,162,164,164,164,165,165,165,166,168,168,168,170,170,171,171,171,171,171,171,173,175,179,181,181,181,183,184,184,186,188,188,188,189,191,190,193,193,193,193,195,195,195,195,199,200,203,205,207,208,214,221,229,237,246,249,250,252,252,253,254,259,260,262,264,264,264,264,265,267,266,262,263,263,263,263,264,264,265,268,268,269,269,269,269,270,270,271,271,271,273,273,273,273,273,273,273,273,273,273,274,274,274,274,274,274,274,274,274,274,274,274,274,274,274,274,274,275,275,275,275,276,276,276,276,276,277,277,277,277,277,277,277,277,277,277,277,277,278,278,278,278,278,278,278,278,278,278,279,279,280,280,280,280,280,280,280,281,281,281,281,281,281,281,281,281,282,283,283,283,283,283,283,283,283,283,283,283,283,283,283,283,283,283,283,283,283,283,283,283,283,283,283,283,283,283,283,283,283,283,283,283,283,283,283,283,283,283,283,283,283,283,283,283,283,283,283,283,283,283,283,284,284,284,284,284,284,284,284,285,285,285,285,285,285,285,285,285,285,285,285,285,285,285,285,285,285,285,285,287,287,287,287,287,287,287,287,287,288,288,288,288,288,288,288,290,290,291,291,291,291,291,292,292,292,292,292,292,293,293,294,294,294,294,294,294,295,295,295,295,295,296,297,298,300,300,300,300,300,300,300,300,300,300,300,301,301,301,301,301,301,301,302,302,302,303,303,303,303,303,303,303,303,303,303,303,303,303,304,304,304,304,304,304,304,304,304,304,304,304,305,0
"VA:Manassas city",0,0,0,0,0,0,0,0,0,0,0,0,0,0,0,0,0,0,0,0,0,0,0,0,0,0,0,0,0,0,0,0,0,0,0,0,0,0,0,0,0,0,0,0,0,0,0,1,1,1,2,2,2,3,2,2,2,1,1,1,1,1,2,2,2,3,3,4,5,5,5,5,5,5,6,6,7,7,7,9,9,10,10,10,10,10,11,11,12,12,12,12,11,11,11,12,12,12,12,12,13,14,14,14,16,16,16,16,16,16,16,16,16,16,16,16,18,18,18,18,18,18,18,18,18,18,19,19,19,19,19,19,19,20,20,20,20,20,20,20,20,20,20,20,20,20,20,20,20,20,20,20,20,21,22,22,22,22,23,22,22,22,22,22,22,23,23,23,23,23,23,23,23,23,23,23,23,23,24,24,24,24,24,24,24,24,24,24,24,24,24,24,24,24,24,25,25,25,25,25,25,25,25,25,25,25,25,26,26,24,24,24,24,24,24,24,24,24,24,24,25,25,25,26,26,26,26,27,27,27,27,27,27,27,27,27,27,27,27,27,27,27,27,27,27,27,27,27,28,28,28,28,28,28,28,28,28,28,28,28,28,28,28,28,28,28,28,28,28,28,28,28,28,28,28,28,28,28,28,28,28,28,28,29,29,29,29,29,29,29,29,29,29,29,30,30,30,30,30,29,29,29,29,29,29,29,29,29,29,29,29,29,29,29,29,29,29,29,30,30,30,32,32,32,32,33,33,33,33,33,33,33,33,33,33,33,33,33,33,33,33,33,33,33,33,33,33,33,33,33,34,35,35,36,36,36,36,37,39,39,40,41,41,41,41,41,41,41,42,42,42,42,43,44,44,44,44,45,45,45,45,45,45,45,45,45,45,45,45,45,45,45,45,45,45,45,45,45,45,45,45,45,45,45,45,45,45,46,46,46,46,46,47,47,47,47,47,47,47,47,47,47,47,47,47,47,47,47,47,47,47,47,47,47,47,47,47,47,47,47,47,47,47,47,47,47,47,47,47,47,47,47,47,47,47,47,47,47,47,47,47,47,47,47,47,47,47,47,47,47,48,48,48,48,48,48,48,48,48,48,48,48,48,48,48,48,48,48,48,48,48,48,48,48,48,48,48,48,48,48,48,48,48,48,48,48,48,48,48,48,48,48,48,48,48,48,48,48,48,48,48,48,48,48,48,48,48,48,48,48,48,49,49,49,49,49,49,49,49,49,49,49,49,49,49,49,49,49,49,49,49,49,49,49,49,49,49,49,49,49,49,49,49,49,49,49,49,49,49,51,51,51,51,51,51,51,51,51,51,51,51,51,51,51,51,51,51,51,51,51,51,51,51,51,52,52,52,52,52,52,52,52,52,52,53,53,53,53,53,53,53,53,53,53,53,53,53,53,53,53,53,53,53,53,53,54,54,54,54,54,54,54,54,54,54,54,54,54,54,54,54,54,54,54,54,54,54,0
"VA:Manassas Park city",0,0,0,0,0,0,0,0,0,0,0,0,0,0,0,0,0,0,0,0,0,0,0,0,0,0,0,0,0,0,0,0,0,0,0,0,0,0,0,0,0,0,0,0,0,1,1,1,1,1,1,1,1,1,1,1,1,1,2,2,2,2,2,2,2,2,3,3,3,3,3,3,3,3,3,3,4,4,4,5,6,6,6,6,6,6,6,6,6,6,6,6,6,6,6,6,6,6,6,6,6,6,6,6,5,5,5,5,5,5,5,5,5,5,5,6,6,6,6,6,6,6,6,6,6,6,6,6,6,6,6,6,7,7,7,7,7,7,7,7,7,7,7,7,7,7,7,7,7,7,7,7,7,7,7,7,7,7,7,7,7,7,7,7,7,7,7,7,7,7,7,7,7,7,7,7,7,7,7,7,7,7,7,7,7,7,7,8,8,8,8,8,8,8,8,7,7,7,7,7,7,7,8,8,8,8,8,8,8,8,8,8,8,8,8,8,8,8,8,8,8,8,8,8,8,8,8,8,8,8,8,8,8,8,8,8,8,8,8,8,8,8,8,8,8,8,8,8,8,8,8,8,8,8,8,8,8,8,8,8,8,8,8,8,8,8,8,8,8,8,8,8,8,8,8,8,8,8,8,8,8,8,8,8,8,8,8,8,8,8,8,8,8,8,8,8,8,8,8,8,8,8,8,8,8,8,8,8,8,8,8,8,8,8,8,8,8,8,8,8,8,8,8,8,8,8,8,8,8,8,8,8,8,8,8,8,8,8,8,8,8,8,8,8,8,8,8,8,8,8,8,8,8,8,8,9,9,11,11,11,11,11,11,12,12,12,12,12,12,12,12,12,12,12,12,12,12,12,12,12,12,12,12,12,12,12,12,12,12,12,12,12,12,12,12,12,12,12,12,12,12,12,12,12,12,12,12,12,12,12,12,12,12,12,12,12,12,12,12,12,12,12,12,12,12,11,11,11,11,11,11,11,11,11,11,11,11,11,11,11,11,11,11,11,11,11,11,11,11,11,11,11,11,11,11,11,11,11,11,11,11,11,11,11,11,11,11,11,11,11,11,11,11,11,11,11,11,11,11,11,11,11,11,11,11,11,11,11,11,11,11,11,11,11,11,11,11,11,11,11,11,11,11,11,11,11,11,11,11,11,11,11,11,11,11,11,11,11,11,11,11,11,11,11,11,11,11,11,11,11,11,11,11,11,11,11,11,11,11,11,11,11,11,11,11,11,11,11,11,11,11,11,11,11,11,11,11,11,11,11,11,11,11,11,11,12,12,12,12,12,12,12,12,12,12,12,12,12,12,12,12,12,12,12,12,12,12,12,12,12,12,12,12,12,12,12,12,12,12,12,12,12,12,12,13,13,13,13,13,13,13,13,13,13,14,14,14,14,14,14,14,14,14,14,14,14,14,14,14,14,14,14,14,14,14,14,14,14,14,14,14,14,15,15,15,15,15,0
"VA:Prince William",0,0,0,0,0,0,0,0,0,0,0,0,0,0,0,0,0,0,0,0,0,0,0,0,0,1,1,1,1,1,1,1,1,1,1,1,1,1,1,1,1,1,1,1,1,16,17,18,18,19,19,20,20,22,24,28,29,30,32,33,33,39,46,47,48,53,58,65,66,67,69,70,70,73,79,79,80,84,84,94,96,99,101,101,104,104,104,104,109,110,110,110,118,118,119,118,118,120,120,120,122,127,127,127,131,131,133,133,134,136,137,138,139,139,139,144,144,143,146,147,147,147,148,151,155,156,156,157,157,157,160,160,161,161,162,162,164,165,165,167,167,167,167,167,168,169,170,172,172,173,173,175,177,177,176,176,176,176,176,178,178,178,178,178,179,179,180,180,182,183,183,183,183,183,183,184,184,185,185,187,188,188,188,188,188,188,188,191,191,191,191,191,193,196,196,196,199,199,199,201,201,202,202,203,203,203,203,205,207,210,209,209,208,208,208,212,213,213,213,213,216,216,216,216,217,217,218,221,222,223,223,223,223,223,223,223,223,223,223,223,223,223,223,223,224,224,224,224,226,227,228,228,229,229,229,229,230,231,231,232,232,232,234,236,237,236,235,235,235,235,235,235,235,235,235,235,236,237,239,240,242,242,242,244,244,246,247,247,247,247,247,249,249,249,249,249,249,251,256,260,261,262,262,262,262,263,264,264,264,264,264,267,268,273,274,276,276,276,278,281,282,283,285,285,285,291,295,302,308,313,313,313,315,317,321,324,325,324,324,326,327,327,326,327,327,327,327,328,328,328,334,345,354,358,368,375,389,398,404,420,424,441,442,446,450,451,454,458,459,459,465,466,469,469,470,471,472,469,469,469,469,467,467,467,467,467,468,468,468,468,468,468,468,470,472,473,474,474,476,476,477,477,477,477,477,477,477,478,478,480,480,479,479,479,479,479,479,479,480,481,482,482,482,483,484,485,486,486,487,487,489,489,489,490,491,495,495,496,496,498,498,498,500,500,500,500,497,497,497,499,499,499,499,499,499,499,499,499,499,499,500,501,503,503,504,504,504,505,505,505,505,505,505,505,505,505,505,505,505,505,506,506,508,508,508,508,508,508,508,508,508,508,508,509,510,510,510,510,510,511,511,512,512,512,512,512,512,512,514,514,514,514,514,514,514,514,514,514,514,514,514,514,514,514,514,514,514,514,514,514,514,514,514,514,517,517,517,517,518,518,518,518,520,520,520,521,521,521,521,523,523,523,524,524,524,524,527,529,529,530,530,530,531,532,533,534,535,535,535,538,540,539,541,541,541,541,543,544,544,544,544,544,544,544,546,546,548,549,549,549,552,555,556,556,557,557,557,559,560,563,563,563,563,563,566,566,568,570,572,572,572,572,573,573,573,574,574,574,575,576,578,578,578,578,578,579,579,580,580,581,581,581,583,584,584,585,585,585,585,585,585,590,591,590,590,590,590,0
"VA:Rappahannock",0,0,0,0,0,0,0,0,0,0,0,0,0,0,0,0,0,0,0,0,0,0,0,0,0,0,0,0,0,0,0,0,0,0,0,0,0,0,0,0,0,0,0,0,0,0,0,0,0,0,0,0,0,0,0,0,0,0,0,0,0,0,0,0,0,0,0,0,0,0,0,0,0,0,0,0,0,0,0,0,0,0,0,0,0,0,0,0,0,0,0,0,0,0,0,0,0,0,0,0,0,0,0,0,0,0,0,0,0,0,0,0,0,0,0,0,0,0,0,0,0,0,0,0,0,0,1,1,1,1,1,1,1,1,1,1,1,1,1,1,1,1,2,2,2,2,2,2,2,2,2,2,2,2,2,2,2,2,2,2,2,2,2,2,2,2,2,2,2,2,2,2,2,2,2,2,2,2,2,2,2,2,2,2,2,2,2,2,2,2,2,2,2,2,2,2,2,2,2,2,2,2,2,2,2,2,2,2,2,2,2,2,2,2,2,2,2,2,2,2,2,2,2,2,2,2,2,2,2,2,2,2,2,2,2,2,2,2,2,2,2,2,2,2,2,2,2,2,2,2,2,2,2,2,2,2,2,2,2,2,2,2,2,2,2,2,2,2,2,2,2,2,2,2,2,2,2,2,2,2,2,2,2,2,2,2,2,2,2,2,2,2,2,2,2,2,2,2,2,2,2,2,2,2,2,2,2,2,2,2,2,2,2,2,2,2,2,2,2,2,2,2,2,2,2,2,2,2,2,2,2,2,2,2,2,2,2,2,2,2,2,2,2,2,2,2,2,2,2,2,2,3,2,2,2,2,2,2,2,2,2,2,2,2,2,2,2,2,2,2,2,2,2,2,2,2,2,2,2,2,2,2,2,2,2,2,2,2,2,2,2,2,2,2,2,2,2,2,2,2,2,2,2,2,2,2,2,2,2,2,2,2,2,2,2,2,2,2,2,2,2,2,2,2,2,2,2,2,2,2,2,2,2,2,2,2,2,2,2,2,2,2,2,2,2,2,2,2,2,2,2,2,2,2,2,2,2,2,2,2,2,2,2,2,2,2,2,2,2,2,2,2,2,2,2,2,2,2,2,2,2,2,2,2,2,2,2,2,2,2,2,2,2,2,2,2,2,2,2,2,2,2,2,2,2,2,2,2,2,2,2,2,2,2,2,2,2,2,2,2,2,2,2,2,2,2,2,2,2,2,2,2,2,2,2,2,2,2,2,2,2,2,2,2,2,2,2,2,2,2,2,3,3,3,3,3,3,3,3,4,4,4,4,4,4,4,4,4,4,4,4,4,4,4,4,4,4,4,4,4,4,4,4,4,4,4,4,4,4,4,4,4,4,4,4,4,4,4,4,4,4,4,4,4,4,4,4,4,5,5,5,5,5,5,5,5,5,5,5,5,5,5,5,5,5,5,5,5,5,5,5,5,5,5,5,5,5,5,5,5,5,5,5,5,5,5,6,0
"VA:Stafford",0,0,0,0,0,0,0,0,0,0,0,0,0,0,0,0,0,0,0,0,0,0,0,0,0,0,0,0,0,0,0,0,0,0,0,0,1,1,1,1,1,1,1,1,1,2,2,2,2,2,2,2,2,2,2,2,2,2,2,2,2,2,2,2,2,2,4,4,4,4,4,4,4,4,4,4,4,4,4,4,4,4,4,4,4,4,5,5,5,5,5,5,5,5,5,5,5,5,5,5,5,5,5,5,5,5,5,5,5,5,5,5,5,5,5,5,5,5,5,5,5,5,5,5,6,6,6,6,6,6,6,6,6,6,6,6,6,6,7,7,7,7,7,7,7,7,7,7,7,7,7,8,8,8,8,9,9,9,9,10,10,10,10,10,10,10,10,10,10,10,10,10,10,10,10,10,10,10,10,11,10,12,13,13,13,13,13,13,13,13,13,13,14,13,13,14,14,14,14,14,17,18,17,17,17,17,17,17,17,17,17,17,18,18,18,18,19,19,19,19,19,19,19,19,19,19,19,19,20,20,20,20,20,20,20,21,21,21,21,21,21,22,22,21,21,22,22,22,22,22,22,22,22,22,22,22,22,22,22,22,22,22,22,22,22,22,22,22,22,22,22,22,22,22,22,22,22,22,22,22,22,22,22,23,23,23,23,23,23,23,23,23,23,23,23,23,23,24,24,24,25,25,25,25,25,26,26,27,29,29,29,30,30,31,32,34,34,34,35,36,37,41,42,42,42,44,45,46,46,48,48,48,50,50,50,51,52,52,52,53,53,53,54,54,54,54,54,54,55,55,55,58,61,64,65,65,66,66,67,67,68,68,68,68,68,68,68,69,68,69,69,69,70,70,69,69,69,68,68,68,68,68,68,68,68,68,68,69,69,69,69,69,69,70,70,70,71,71,71,71,71,71,72,72,72,72,72,72,72,72,72,73,74,74,74,74,74,75,75,75,75,75,76,76,78,78,78,78,79,79,79,79,79,79,79,79,79,79,79,79,79,79,79,79,79,79,79,79,79,80,80,80,81,81,81,81,81,81,81,81,81,82,82,82,82,82,82,82,82,82,82,82,82,82,82,82,82,82,82,82,82,82,82,82,82,82,82,82,83,83,83,83,83,83,83,83,83,83,83,83,83,83,83,83,83,83,83,83,83,83,83,83,83,83,83,83,83,83,83,83,84,85,85,85,85,85,85,85,85,85,85,85,85,85,86,86,87,87,87,87,87,87,88,88,88,89,89,89,89,89,90,89,89,89,89,91,91,92,92,92,92,92,93,94,94,94,94,94,94,96,96,97,99,100,100,100,100,100,101,101,101,101,101,101,103,103,103,103,103,103,103,103,103,104,104,104,104,105,105,105,105,105,105,105,105,106,107,107,107,107,107,107,107,108,108,109,109,109,109,109,109,109,109,109,109,109,110,110,111,111,111,111,111,111,111,111,111,111,111,111,111,111,111,111,111,111,112,0
"VA:Warren",0,0,0,0,0,0,0,0,0,0,0,0,0,0,0,0,0,0,0,0,0,0,0,0,0,0,0,0,0,0,0,0,0,0,0,0,0,0,0,0,0,0,0,0,0,0,0,0,0,0,0,0,0,0,0,0,0,0,0,0,0,0,0,1,1,1,1,1,2,2,2,2,2,2,2,2,2,2,2,2,2,2,2,2,2,2,2,2,3,3,4,4,4,4,4,4,4,4,4,4,4,4,4,4,4,4,4,4,4,4,4,5,5,5,5,5,5,6,7,8,8,8,8,8,7,8,8,8,8,8,8,8,8,8,8,8,8,8,7,7,7,7,7,7,7,7,7,7,7,6,6,6,6,6,6,6,6,6,6,6,6,6,6,6,6,6,6,6,6,6,6,6,6,6,6,6,6,6,6,6,6,6,6,6,6,6,6,6,6,6,6,6,6,6,6,6,6,6,6,6,6,6,7,7,7,7,7,7,10,10,10,10,10,11,12,12,13,13,13,13,13,13,14,14,14,14,14,17,18,18,20,20,20,20,20,20,21,21,21,21,21,22,22,22,22,22,22,22,22,23,24,25,25,25,24,24,24,24,24,25,25,25,25,25,25,25,26,26,26,27,27,27,27,27,27,27,28,28,29,29,31,31,31,31,31,31,31,31,31,31,31,31,31,31,31,31,31,33,33,33,33,34,34,34,35,35,35,35,36,36,36,36,36,36,36,36,36,36,36,36,36,36,36,36,36,36,36,37,37,37,37,37,39,40,40,40,40,40,40,40,40,40,40,40,40,40,40,40,40,40,41,41,41,42,42,44,44,45,45,46,46,47,47,48,48,48,48,48,49,49,49,49,50,50,50,51,51,51,51,51,51,51,51,51,51,51,52,52,52,52,52,52,52,52,52,52,52,52,52,52,52,52,52,52,52,52,53,54,55,55,55,55,55,55,55,55,55,55,55,55,55,55,55,55,55,55,55,55,55,55,55,56,56,57,57,57,57,57,57,58,58,58,58,58,58,58,58,58,58,58,58,58,59,59,59,59,59,59,59,59,59,59,59,59,59,59,59,59,59,59,59,59,59,59,59,61,61,60,61,61,61,61,61,61,61,61,61,61,61,61,61,61,61,61,61,61,61,61,61,61,61,61,61,61,61,61,61,61,61,61,61,61,61,61,61,61,61,62,62,62,63,63,63,64,64,64,64,64,64,64,64,64,64,64,64,64,64,64,64,64,64,65,65,65,65,65,65,65,65,65,65,65,65,65,65,65,65,65,65,65,65,65,65,68,68,68,68,68,68,69,70,71,71,73,73,73,74,74,74,75,75,75,75,75,76,76,78,79,79,79,81,82,83,83,83,83,83,83,83,83,84,84,84,84,84,85,86,87,87,87,87,91,91,91,91,92,92,92,93,93,94,94,94,94,94,94,94,94,94,94,94,94,94,94,95,95,95,95,95,95,95,95,96,98,98,98,100,0
"VA:Westmoreland",0,0,0,0,0,0,0,0,0,0,0,0,0,0,0,0,0,0,0,0,0,0,0,0,0,0,0,0,0,0,0,0,0,0,0,0,0,0,0,0,0,0,0,0,0,0,0,0,0,0,0,0,0,0,0,0,0,0,0,0,0,0,0,0,0,0,0,0,0,0,0,0,0,0,0,0,0,0,0,0,0,0,1,1,1,1,1,1,1,1,1,1,1,1,1,1,1,1,1,1,1,1,1,1,1,1,1,1,1,1,1,2,2,2,2,2,2,2,2,2,2,2,2,2,2,2,2,2,2,2,2,2,2,2,2,2,2,2,2,2,2,2,2,2,2,2,2,2,2,2,2,3,3,3,3,3,3,3,3,3,3,3,3,3,3,3,3,3,3,3,3,3,3,3,3,3,3,3,3,3,3,3,3,3,3,3,3,3,3,3,3,3,3,3,3,3,3,3,3,3,3,3,3,3,3,3,3,3,3,4,4,4,4,4,4,4,4,4,4,4,4,4,4,4,5,5,5,5,5,5,5,5,5,5,5,5,5,5,5,5,5,5,5,5,5,5,5,5,5,5,5,5,5,5,5,5,5,5,5,6,6,6,6,6,7,7,7,7,7,8,8,8,8,8,8,8,8,8,8,8,8,8,9,9,9,9,9,9,9,9,9,9,9,9,9,9,9,9,9,9,9,9,9,9,10,10,11,11,11,11,11,11,11,12,12,12,12,12,12,13,14,14,14,14,14,16,16,16,16,16,16,16,16,16,16,16,16,16,16,16,16,16,16,16,16,16,16,16,16,16,16,16,16,16,17,17,17,17,17,20,21,21,21,21,21,21,21,21,21,22,22,22,22,22,22,22,22,22,22,22,22,22,22,22,22,22,22,22,22,22,22,22,22,22,24,24,24,24,24,24,24,24,24,24,24,24,24,24,24,24,24,24,24,24,24,24,24,24,24,24,24,24,24,24,25,25,25,25,26,26,26,26,26,26,26,26,26,26,26,26,26,26,26,26,26,26,26,26,26,26,26,26,26,26,26,26,26,26,27,27,27,27,27,27,27,27,27,27,27,27,27,27,27,27,27,27,27,27,27,27,27,27,27,27,27,27,27,27,27,27,27,27,27,27,27,27,27,27,27,27,27,27,27,27,27,27,27,27,27,27,27,27,27,27,27,27,27,27,27,27,27,27,27,27,27,27,27,27,27,27,27,27,27,27,27,27,27,27,28,28,28,29,29,29,29,29,29,29,29,29,29,29,29,29,29,29,29,29,29,29,29,29,30,30,30,30,30,30,30,30,31,31,31,31,31,31,31,31,31,31,31,31,31,31,32,32,32,31,31,31,31,32,32,32,32,32,32,32,33,33,33,33,33,33,34,34,36,36,36,36,36,37,37,37,37,37,37,37,37,37,37,37,37,37,37,37,37,37,37,38,38,38,38,38,38,38,38,38,38,38,38,38,38,38,38,38,39,0
"VA:Winchester city",0,0,0,0,0,0,0,0,0,0,0,0,0,0,0,0,0,0,0,0,0,0,0,0,0,0,0,0,0,0,0,0,0,0,0,0,0,0,0,0,0,0,0,0,0,0,0,0,0,0,0,0,0,0,0,0,0,0,0,0,0,0,0,0,0,0,1,1,1,1,1,1,1,1,1,1,1,1,1,1,1,1,1,2,2,2,2,2,2,2,2,2,2,2,2,3,3,3,3,3,3,3,3,3,3,3,3,3,3,3,3,3,3,3,3,3,3,3,3,3,3,3,3,3,3,3,3,3,3,3,4,4,4,4,4,4,4,4,4,4,4,4,4,4,4,4,4,4,4,4,4,4,4,4,4,4,4,4,4,4,4,4,4,4,4,4,4,4,4,4,4,4,4,4,4,4,4,4,4,4,4,4,4,4,4,4,4,4,4,4,4,4,4,4,4,4,4,4,4,4,4,4,4,4,4,4,4,4,4,4,4,4,4,4,4,4,4,4,4,4,4,4,4,4,4,4,4,4,4,4,4,5,5,5,5,5,5,5,5,5,5,4,4,4,4,4,4,4,4,4,4,4,4,4,4,4,4,4,4,4,4,4,4,4,4,4,4,4,4,4,4,4,4,4,5,5,5,5,5,6,6,6,6,6,6,6,6,6,6,6,6,7,7,8,8,8,8,8,8,10,12,14,14,14,16,16,16,16,17,17,17,17,18,18,18,19,19,19,19,20,20,20,20,20,20,20,20,20,20,20,20,20,20,20,20,21,21,21,21,21,22,22,22,22,22,22,22,22,22,22,24,25,26,26,26,28,30,30,34,37,38,40,40,40,41,41,41,41,41,41,41,41,41,41,41,41,41,41,41,41,41,41,41,41,41,41,41,41,41,41,41,41,41,41,41,41,41,41,41,41,41,41,41,41,42,42,42,42,42,42,43,43,43,43,43,43,43,43,43,44,44,44,45,45,45,45,45,45,45,45,45,45,45,45,45,45,46,46,46,46,46,47,47,47,47,47,47,47,47,47,47,47,47,47,47,47,47,47,47,47,47,47,47,47,47,47,47,48,48,48,48,48,48,48,48,49,49,49,49,49,49,49,49,49,49,49,49,49,49,49,48,48,48,48,48,48,48,48,48,48,48,48,48,48,48,48,48,48,48,48,48,48,48,48,48,48,48,49,49,49,49,49,49,49,49,49,49,49,49,49,49,49,49,49,49,49,49,49,49,49,49,49,49,49,49,49,49,49,49,49,49,49,50,50,50,50,50,50,50,50,50,50,50,50,50,50,50,50,50,50,50,51,51,51,51,51,51,51,51,52,52,52,52,52,53,53,53,53,53,53,53,53,53,53,53,53,53,53,53,53,54,55,55,55,55,55,55,55,55,55,55,56,56,56,56,56,56,56,56,57,57,57,57,57,57,57,57,56,56,56,56,56,57,57,57,57,57,57,57,57,57,57,57,57,57,57,57,0
"AllCounties",0,0,0,0,0,0,0,0,0,0,0,1,1,2,5,5,6,7,7,8,9,14,18,27,30,42,48,64,82,97,124,140,163,190,229,273,306,344,408,438,489,541,578,633,690,776,857,935,977,1102,1139,1233,1305,1422,1527,1571,1687,1772,1828,1905,1971,2047,2150,2219,2282,2319,2427,2534,2612,2681,2747,2802,2840,2916,2998,3065,3139,3205,3239,3299,3350,3437,3502,3565,3620,3653,3691,3735,3801,3850,3892,3939,3971,3985,4033,4075,4105,4148,4181,4204,4219,4257,4293,4326,4350,4377,4393,4414,4439,4466,4493,4534,4563,4579,4594,4621,4644,4659,4682,4698,4703,4715,4731,4760,4782,4803,4813,4826,4832,4838,4863,4879,4890,4909,4915,4926,4949,4959,4968,4979,4993,5000,5011,5027,5038,5057,5071,5089,5102,5105,5121,5140,5150,5167,5180,5191,5197,5210,5225,5239,5250,5263,5269,5272,5282,5295,5307,5318,5328,5339,5344,5355,5373,5383,5392,5411,5421,5430,5439,5451,5462,5476,5493,5497,5503,5508,5520,5537,5543,5552,5557,5558,5572,5588,5601,5613,5629,5637,5643,5659,5675,5684,5702,5713,5715,5723,5731,5746,5755,5762,5762,5769,5772,5781,5793,5810,5824,5828,5842,5844,5855,5864,5876,5883,5893,5897,5903,5916,5931,5943,5954,5964,5976,5979,5984,5994,6004,6016,6026,6037,6040,6045,6054,6070,6073,6096,6105,6114,6128,6145,6161,6176,6192,6213,6218,6232,6255,6275,6295,6324,6331,6346,6375,6407,6450,6465,6488,6507,6523,6559,6598,6656,6697,6718,6745,6770,6806,6857,6906,6952,7007,7036,7050,7111,7167,7221,7268,7317,7357,7390,7433,7493,7550,7594,7626,7652,7678,7738,7808,7869,7932,7974,8006,8027,8080,8138,8193,8255,8306,8332,8356,8420,8485,8549,8601,8650,8671,8721,8771,8838,8897,8974,9023,9055,9084,9155,9226,9295,9368,9416,9435,9461,9495,9554,9602,9658,9708,9739,9767,9815,9867,9913,9951,9972,9984,10023,10044,10065,10131,10136,10178,10222,10263,10317,10383,10489,10556,10615,10673,10737,10793,10890,10902,10938,10960,10984,11008,11058,11090,11114,11141,11159,11168,11175,11197,11228,11255,11278,11300,11308,11310,11332,11348,11358,11375,11393,11400,11409,11421,11439,11460,11474,11493,11506,11519,11543,11568,11592,11621,11642,11649,11657,11677,11703,11720,11743,11771,11785,11791,11817,11844,11862,11885,11903,11911,11916,11932,11961,11984,12007,12024,12034,12049,12067,12091,12117,12136,12156,12162,12164,12178,12201,12214,12232,12256,12268,12273,12293,12309,12319,12336,12363,12381,12396,12414,12428,12950,12959,12965,12975,12979,12982,12991,13004,13014,13023,13028,13035,13047,13053,13066,13073,13082,13084,13087,13094,13104,13115,13120,13125,13128,13128,13138,13145,13156,13163,13168,13169,13170,13172,13178,13185,13189,13193,13194,13195,13197,13203,13210,13212,13213,13213,13214,13222,13229,13232,13237,13240,13241,13242,13245,13252,13258,13262,13265,13265,13266,13271,13274,13276,13283,13287,13290,13290,13294,13296,13302,13308,13310,13311,13313,13322,13326,13334,13340,13346,13347,13351,13358,13362,13375,13381,13397,13398,13406,13419,13428,13433,13448,13456,13458,13464,13476,13496,13507,13520,13534,13536,13543,13551,13571,13599,13613,13619,13626,13639,13670,13692,13708,13736,13750,13750,13753,13786,13812,13845,13863,13870,13874,13902,13935,13954,13980,13998,14006,14008,14019,14044,14074,14107,14124,14138,14144,14146,14174,14201,14232,14268,14286,14294,14306,14325,14353,14374,14397,14408,14413,14428,14452,14477,14507,14519,14528,14533,14543,14570,14592,14606,14622,14640,14642,14650,14665,14684,14703,14717,14724,14727,14737,14762,14786,14806,14822,14832,14834,14840,14854,14872,14873,14878,14893,14898,14904,14927,14946,14956,14969,14978,14978,14978,14978,14985,14989,14994,14994,14994,15006,0
